doi,title,source,nnaa_track,pmid,journal,pub_date,abstract,nnaa_compound,ai_article_type,ai_pass,ai_rationale_zh,ai_nnaa_category,ai_synthesis_method,ai_has_pathway_or_synthesis,ai_compound,fetched_at,publication_types,ai_domain_relevant,ai_has_experiment,lit_type_zh
10.1021/acschembio.5c00455,"Enzymatic Construction of Rare Pyrazino[1,2-a]indole Framework: Side Chain Migration-Driven Pictet-Spengler Activity of McbB.",pubmed,hybrid,40944631,ACS chemical biology,2025-Oct-17,"Rational substrate exploration with enzymes can unlock innovative molecular architectures and reveal unprecedented biological activities. Inspired by our previous studies on strictosidine synthase, a plant-derived Pictet-Spenglerase, we designed (S)-2-amino-3-(1H-indol-1-yl)propionic acid (1) as a novel substrate for the microbial Pictet-Spenglerase McbB. Enzymatic condensation of 1 with oxaloacetaldehyde afforded the rare pyrazino[1,2-a]indole scaffold, overcoming both intrinsic β-carboline bias and the limitations of conventional chemical Pictet-Spengler reactions. Substrate profiling revealed that McbB exhibited strict specificity for 4-methyl- and 5-fluoro-substituted analogs of 1, yet tolerated methylglyoxal or formaldehyde as aldehyde partners with 1. Site-directed mutagenesis combined with computational docking delineated a new substrate binding mode and provided insights into the catalytic mechanism. Further chemoenzymatic derivatization of 1 yielded novel pyrazino[1,2-a]indoles with notable antiplasmodial (compound 12, IC50 = 1.5 ± 0.2 μM vs P.f. 3D7) and antitumor activities (compound 13, IC50 = 3.19 ± 0.3 μM vs HL60). This study expands our understanding of the enzymatic mechanism of McbB and enables the development of diverse bioactive compounds through substrate exploration.",,research_article,true,设计并合成了非天然底物(S)-2-氨基-3-(1H-吲哚-1-基)丙酸（色氨酸类似物），经McbB酶催化构建新型杂环骨架，属于NNAA的化学合成及其酶法转化。,hybrid,hybrid,yes,"(S)-2-amino-3-(1H-indol-1-yl)propionic acid, 4-methyl analog, 5-fluoro analog",2026-07-23 18:45:34,"Journal Article; Research Support, Non-U.S. Gov't",true,yes,研究论文
10.1248/yakushi.25-00001,[Development of Selective Reactions in the Synthesis of Medicines].,pubmed,hybrid,40307020,Yakugaku zasshi : Journal of the Pharmaceutical Society of Japan,2025,"This review summarizes the contributions to the discovery, evaluation, and functional development of microbial and enzyme catalysts, as well as the rational design of pathways that synergistically integrate chemical and biochemical reactions. In the introduction, the author outlines his strategies and principles: 1) He avoided biosynthetic enzymes and pathways, opting instead for degradative enzymes that offer broader substrate flexibility and a wider range of applications. 2) He focused on commercially available enzymes, prioritizing their reproducibility and accessibility for widespread use. All the microorganisms he identified have been deposited in public institutions, making them available to researchers in both academic and corporate settings. 3) He developed methods to enhance reactivity and selectivity by optimizing reaction conditions and substrate structures, without altering the enzymes themselves. The main body of the review is divided into two parts. Part 1, titled ""Chemo-enzymatic Synergistic Synthesis of Medicines,"" covers the following topics: 1) the synthesis of dihydroxymethylepoxyquinomicin (DHMEQ); 2) the synthesis of sialic acids; 3) the utilization of epoxide hydrolase; and 4) the synthesis of (S)-azetidine-2-carboxylic acid. Part 2, titled ""New Selective Reactions for Synthesis of Medicines,"" includes: 1) the optimization of reaction conditions in lipase-catalyzed transesterification and aminolysis; 2) the conversion of racemates into single enantiomers using hydrolytic enzymes through novel pathways; 3) the use of carbonyl reductases in conjunction with substrate design; 4) nitrile hydratase and amidase in Rhodococcus species; 5) selective acylation and deacylation of alcohols and phenols; and 6) the use of oligosaccharides as protective groups in the synthesis of polyphenol glycosides.",,review,true,综述明确包含“(S)-azetidine-2-carboxylic acid”（一种非天然环状氨基酸）的合成，并系统介绍化学-酶法协同合成药物策略，涵盖NNAA制备方法学。,hybrid,hybrid,yes,(S)-azetidine-2-carboxylic acid,2026-07-23 18:45:34,Journal Article; Review; English Abstract,true,,综述
10.1021/jacs.4c10835,A Kinetic Trapping Approach for Facile Access to 3FaxNeu5Ac and a Photo-Cross-Linkable Sialyltransferase Probe.,pubmed,hybrid,39377645,Journal of the American Chemical Society,2024-Oct-23,"Sialic acid (Neu5Ac) is installed onto glycoconjugates by sialyltransferases (STs) using cytidine monophosphate-Neu5Ac (CMP-β-d-Neu5Ac) as their donor. The only class of cell-active ST inhibitors are those based on a 3FaxNeu5Ac scaffold, which is metabolically converted into CMP-3FaxNeu5Ac within cells. It is essential for the fluorine to be axial, yet stereoselective installation of fluorine in this specific orientation is challenging. Sialic acid aldolase can convert 3-fluoropyruvate and 2-acetamido-2-deoxy-d-mannopyranose (ManNAc) to 3FNeu5Ac, but stereocontrol of the fluorine in the product has not been possible. We hypothesized that the 3Fax kinetic product of a sialic acid aldolase reaction could be trapped by coupling with CMP-sialic acid synthetase to yield CMP-3FaxNeu5Ac. Here, we report that highly active CMP-sialic acid synthetase and short reaction times produce exclusively CMP-3FaxNeu5Ac. Removal of CMP from CMP-3FaxNeu5Ac under acidic conditions unexpectedly led to 3-fluoro-β-d-Neu5Ac 2-phosphate (3FaxNeu5Ac-2P). Alkaline phosphatase successfully converted 3FaxNeu5Ac-2P to 3FaxNeu5Ac, enabling stereochemically controlled access to 3FaxNeu5Ac, which is effective in lowering the sialoglycan ligands for Siglecs on cells. Moreover, our kinetic trapping approach could be used to access CMP-3FaxNeu5Ac with modifications at the C5, C9, or both positions, which enabled the chemoenzymatic synthesis of a photo-cross-linkable version of CMP-3FaxNeu5Ac that selectively photo-cross-linked to ST6GAL1 over two other STs.",,research_article,true,通过醛缩酶与CMP-唾液酸合酶级联反应，实现3FaxNeu5Ac的立体选择性制备，属于酶法合成非天然唾液酸衍生物，符合NNAA合成范畴。,enzymatic,enzymatic,yes,"3FaxNeu5Ac, CMP-3FaxNeu5Ac",2026-07-23 18:45:34,"Journal Article; Research Support, Non-U.S. Gov't",true,yes,研究论文
10.1021/acscatal.4c02816,Controllable Multihalogenation of a Non-native Substrate by the SyrB2 Iron Halogenase.,pubmed,hybrid,42016827,ACS catalysis,2024-Sep-06,"Geminal, multihalogenated functional groups are widespread in natural products and pharmaceuticals, yet no synthetic methodologies exist that enable selective multihalogenation of unactivated C-H bonds. Biocatalysts are powerful tools for late-stage C-H functionalization as they operate with high degrees of regio-, chemo-, and stereoselectivity. 2-Oxoglutarate (2OG)-dependent nonheme iron halogenases chlorinate and brominate aliphatic C-H bonds and offer a solution for achieving these challenging transformations. Here, we describe the ability of a nonheme iron halogenase, SyrB2, to controllably halogenate a non-native substrate α-aminobutyric acid (Aba) to yield monochlorinated, dichlorinated, and trichlorinated products. These chemoselective outcomes are achieved by controlling the loading of the 2OG cofactor and SyrB2 biocatalyst. Furthermore, by using a ferredoxin-based biological reductant for electron transfer to the catalytic center of SyrB2, we demonstrate order-of-magnitude enhancement in the yield of trichlorinated products that were previously inaccessible using any single halogenase enzyme. We also apply these strategies to broaden SyrB2's reactivity scope to include multibromination and demonstrate chemoenzymatic conversion of the ethyl side chain in Aba to an ethynyl functional group. We show how steric hindrance induced by the successive addition of halogen atoms on Aba's C4 carbon dictates the degree of multihalogenation by hampering C3-C4 bond rotation within SyrB2's catalytic pocket. Overall, our work showcases the potential of iron halogenases to facilitate multi-C-H functionalization chemistry.",,research_article,true,研究铁卤化酶SyrB2对非天然底物α-氨基丁酸（Aba）的可控多卤化，生成单/二/三氯代Aba衍生物，属于NNAA的酶法修饰与合成。,enzymatic,enzymatic,yes,"α-aminobutyric acid, chloro-α-aminobutyric acid, dichloro-α-aminobutyric acid, trichloro-α-aminobutyric acid",2026-07-23 18:45:34,Journal Article,true,yes,研究论文
10.1021/jacsau.4c00257,N-to-S Acyl Transfer as an Enabling Strategy in Asymmetric and Chemoenzymatic Synthesis.,pubmed,hybrid,38818054,JACS Au,2024-May-27,"The observation of thioester-mediated acyl transfer processes in nature has inspired the development of novel protein synthesis and functionalization methodologies. The chemoselective transfer of an acyl group from S-to-N is the basis of several powerful ligation strategies. In this work, we sought to apply the reverse process, the transfer of an acyl group from N-to-S, as a method to convert stable chiral amides into more reactive thioesters. To this end, we developed a novel cysteine-derived oxazolidinone that serves as both a chiral imide auxiliary and an acyl transfer agent. This auxiliary combines the desirable features of rigid chiral imides as templates for asymmetric transformations with the synthetic applicability of thioesters. We demonstrate that the auxiliary can be applied in a range of highly selective asymmetric transformations. Subsequent intramolecular N-to-S acyl transfer of the chiral product and in situ trapping of the resulting thioester provides access to diverse carboxylic acid derivatives under mild conditions. The oxazolidinone thioester products can also be isolated and used in Pd-mediated transformations to furnish highly valuable chiral scaffolds, such as noncanonical amino acids, cyclic ketones, tetrahydropyrones, and dihydroquinolinones. Finally, we demonstrate that the oxazolidinone thioesters can also serve as a surrogate for SNAC-thioesters, enabling their seamless use as non-native substrates in biocatalytic transformations.",,research_article,true,通过N-to-S酰基转移策略，结合不对称合成与生物催化，制备非天然氨基酸等手性羧酸衍生物，属于化学-酶法联用合成NNAA。,hybrid,hybrid,yes,noncanonical amino acids,2026-07-23 18:45:34,Journal Article,true,yes,研究论文
10.1101/2024.05.08.593161,Controllable multi-halogenation of a non-native substrate by SyrB2 iron halogenase.,pubmed,hybrid,38766225,bioRxiv : the preprint server for biology,2024-May-09,"Geminal, multi-halogenated functional groups are widespread in natural products and pharmaceuticals, yet no synthetic methodologies exist that enable selective multi-halogenation of unactivated C-H bonds. Biocatalysts are powerful tools for late-stage C-H functionalization, as they operate with high degrees of regio-, chemo-, and stereoselectivity. 2-oxoglutarate (2OG)-dependent non-heme iron halogenases chlorinate and brominate aliphatic C-H bonds offering a solution for achieving these challenging transformations. Here, we describe the ability of a non-heme iron halogenase, SyrB2, to controllably halogenate non-native substrate alpha-aminobutyric acid (Aba) to yield mono-chlorinated, di-chlorinated, and tri-chlorinated products. These chemoselective outcomes are achieved by controlling the loading of 2OG cofactor and SyrB2 biocatalyst. By using a ferredoxin-based biological reductant for electron transfer to the catalytic center of SyrB2, we demonstrate order-of-magnitude enhancement in the yield of tri-chlorinated product that were previously inaccessible using any single halogenase enzyme. We also apply these strategies to broaden SyrB2's reactivity scope to include multi-bromination and demonstrate chemoenzymatic conversion of the ethyl side chain in Aba to an ethylyne functional group. We show how steric hindrance induced by the successive addition of halogen atoms on Aba's C4 carbon dictates the degree of multi-halogenation by hampering C3-C4 bond rotation within SyrB2's catalytic pocket. Overall, our work showcases the synthetic potential of iron halogenases to facilitate multi-C-H functionalization chemistry.",Abu,research_article,true,研究铁卤化酶SyrB2对非天然底物α-氨基丁酸（Aba）的可控多卤化，生成单/二/三氯代产物，并实现化学-酶法联用转化，明确报告了酶促反应条件与产物结构。,hybrid,hybrid,yes,"alpha-aminobutyric acid, chlorinated alpha-aminobutyric acid, brominated alpha-aminobutyric acid",2026-07-23 18:45:34,Journal Article; Preprint,true,yes,研究论文
10.1016/bs.mie.2023.12.017,"Preparation, assay, and application of 4-fluorothreonine transaldolase from Streptomyces sp. MA37 for β-hydroxyl amino acid derivatives.",pubmed,hybrid,38658079,Methods in enzymology,2024,"β-Hydroxy-α-amino acids (βHAAs) are an essential class of building blocks of therapeutically important compounds and complex natural products. They contain two chiral centers at Cα and Cβ positions, resulting in four possible diastereoisomers. Many innovative asymmetric syntheses have been developed to access structurally diverse βHAAs. The main challenge, however, is the control of the relative and absolute stereochemistry of the asymmetric carbons in a sustainable way. In this respect, there has been considerable attention focused on the chemoenzymatic synthesis of βHAAs via a one-step process. Nature has evolved different enzymatic routes to produce these valuable βHAAs. Among these naturally occurring transformations, L-threonine transaldolases present potential biocatalysts to generate βHAAs in situ. 4-Fluorothreonine transaldolase from Streptomyces sp. MA37 (FTaseMA) catalyzes the cross-over transaldolation reaction between L-Thr and fluoroacetaldehyde to give 4-fluorothreonine and acetaldehyde (Ad). It has been demonstrated that FTaseMA displays considerable substrate plasticity toward structurally diverse aldehyde acceptors, leading to the production of various βHAAs. In this chapter, we describe methods for the preparation of FTaseMA, and the chemoenzymatic synthesis of βHAAs from various aldehydes and L-Thr using FTaseMA.",,research_article,true,研究利用4-氟苏氨酸转醛醇酶（FTaseMA）从L-Thr和醛类底物chemoenzymatic合成β-羟基-α-氨基酸衍生物，属于NNAA的酶-化学联用制备。,hybrid,hybrid,yes,"β-hydroxy-α-amino acids, 4-fluorothreonine",2026-07-23 18:45:34,"Journal Article; Research Support, Non-U.S. Gov't",true,yes,研究论文
10.1021/acs.orglett.4c00901,"Chemoenzymatic Synthesis of 4,5-Dihydroxyisoleucine Fragment of α-Amanitin.",pubmed,hybrid,38598422,Organic letters,2024-Apr-19,"The ability of α-amanitin to potently inhibit RNA polymerase II (RNAP II) has elicited further research into its use as a novel payload for antibody-drug conjugates. Despite this promise, the de novo synthesis of α-amanitin is still a major challenge as it possesses an unusual bicyclic octapeptide structure that contains several oxidized amino acids, most notably 4,5-dihydroxy-l-isoleucine. Here, we report a concise chemoenzymatic synthesis of this key amino acid residue, which features two regioselective and diastereoselective enzymatic C-H oxidations on l-isoleucine.",,research_article,true,"报道了α-鹅膏蕈碱中关键非天然氨基酸4,5-二羟基-L-异亮氨酸的chemoenzymatic合成，包含两步酶促C-H氧化，属于NNAA的酶-化学联用制备。",hybrid,hybrid,yes,"4,5-dihydroxy-L-isoleucine",2026-07-23 18:45:34,"Journal Article; Research Support, N.I.H., Extramural; Research Support, Non-U.S. Gov't",true,yes,研究论文
10.1038/s41596-023-00938-0,Irreversible light-activated SpyLigation mediates split-protein assembly in 4D.,pubmed,hybrid,38253657,Nature protocols,2024-Apr,"The conditional assembly of split-protein pairs to modulate biological activity is commonly achieved by fusing split-protein fragments to dimerizing components that bring inactive pairs into close proximity in response to an exogenous trigger. However, current methods lack full spatial and temporal control over reconstitution, require sustained activation and lack specificity. Here light-activated SpyLigation (LASL), based on the photoregulation of the covalent SpyTag (ST)/SpyCatcher (SC) peptide-protein reaction, assembles nonfunctional split fragment pairs rapidly and irreversibly in solution, in engineered biomaterials and intracellularly. LASL introduces an ortho-nitrobenzyl(oNB)-caged lysine into SC's reactive site to generate a photoactivatable SC (pSC). Split-protein pairs of interest fused to pSC and ST are conditionally assembled via near-ultraviolet or pulsed near-infrared irradiation, as the uncaged SC can react with ST to ligate appended fragments. We describe procedures for the efficient synthesis of the photocaged amino acid that is incorporated within pSC (<5 days) as well as the design and cloning of LASL plasmids (1-4 days) for recombinant protein expression in either Escherichia coli (5-6 days) or mammalian cells (4-6 days), which require some prior expertise in protein engineering. We provide a chemoenzymatic scheme for appending bioorthogonal reactive handles onto E. coli-purified pSC protein (<4 days) that permits LASL component incorporation and patterned protein activation within many common biomaterial platforms. Given that LASL is irreversible, the photolithographic patterning procedures are fast and do not require sustained light exposure. Overall, LASL can be used to interrogate and modulate cell signaling in various settings.",,review,true,综述中描述了光笼赖氨酸的高效合成方法及化学-酶法修饰方案，属于NNAA制备方法学内容。,hybrid,hybrid,yes,oNB-caged lysine,2026-07-23 18:45:34,"Journal Article; Review; Research Support, N.I.H., Extramural; Research Support, Non-U.S. Gov't",true,yes,综述
10.1038/s42004-023-01005-1,Structural and functional analysis of hyper-thermostable ancestral L-amino acid oxidase that can convert Trp derivatives to D-forms by chemoenzymatic reaction.,pubmed,hybrid,37737277,Communications chemistry,2023-Sep-22,"Production of D-amino acids (D-AAs) on a large-scale enables to provide precursors of peptide therapeutics. In this study, we designed a novel L-amino acid oxidase, HTAncLAAO2, by ancestral sequence reconstruction, exhibiting high thermostability and long-term stability. The crystal structure of HTAncLAAO2 was determined at 2.2 Å by X-ray crystallography, revealing that the enzyme has an octameric form like a ""ninja-star"" feature. Enzymatic property analysis demonstrated that HTAncLAAO2 exhibits three-order larger kcat/Km values towards four L-AAs (L-Phe, L-Leu, L-Met, and L-Ile) than that of L-Trp. Through screening the variants, we obtained the HTAncLAAO2(W220A) variant, which shows a > 6-fold increase in kcat value toward L-Trp compared to the original enzyme. This variant applies to synthesizing enantio-pure D-Trp derivatives from L- or rac-forms at a preparative scale. Given its excellent properties, HTAncLAAO2 would be a starting point for designing novel oxidases with high activity toward various amines and AAs.",,research_article,true,开发高热稳定L-氨基酸氧化酶用于D-色氨酸衍生物的化学-酶法合成，明确描述了制备工艺和酶学参数。,hybrid,hybrid,yes,D-Trp derivatives,2026-07-23 18:45:34,Journal Article,true,yes,研究论文
10.1039/d1cs00991e,Dissecting the role of protein phosphorylation: a chemical biology toolbox.,pubmed,hybrid,35726784,Chemical Society reviews,2022-Jul-04,"Protein phosphorylation is a crucial regulator of protein and cellular function, yet, despite identifying an enormous number of phosphorylation sites, the role of most is still unclear. Each phosphoform, the particular combination of phosphorylations, of a protein has distinct and diverse biological consequences. Aberrant phosphorylation is implicated in the development of many diseases. To investigate their function, access to defined protein phosphoforms is essential. Materials obtained from cells often are complex mixtures. Recombinant methods can provide access to defined phosphoforms if site-specifically acting kinases are known, but the methods fail to provide homogenous material when several amino acid side chains compete for phosphorylation. Chemical and chemoenzymatic synthesis has provided an invaluable toolbox to enable access to previously unreachable phosphoforms of proteins. In this review, we selected important tools that enable access to homogeneously phosphorylated protein and discuss examples that demonstrate how they can be applied. Firstly, we discuss the synthesis of phosphopeptides and proteins through chemical and enzymatic means and their advantages and limitations. Secondly, we showcase illustrative examples that applied these tools to answer biological questions pertaining to proteins involved in signal transduction, control of transcription, neurodegenerative diseases and aggregation, apoptosis and autophagy, and transmembrane proteins. We discuss the opportunities and challenges in the field.",,review,true,综述磷酸化蛋白的化学与酶法合成工具箱，明确涵盖磷酸丝氨酸等非天然氨基酸的化学及chemoenzymatic合成方法，对数据库有参考价值。,both,multiple,yes,phosphoserine,2026-07-23 18:45:34,Journal Article; Review,true,no,综述
10.1038/s42004-020-00432-8,Ancestral L-amino acid oxidases for deracemization and stereoinversion of amino acids.,pubmed,hybrid,36703379,Communications chemistry,2020-Dec-04,"L-amino acid oxidases (LAAOs) can be applied to convert racemic amino acids to D-isomers, which are potential precursors of pharmaceuticals. However, this application is hampered by the lack of available stable and structure-determined LAAOs. In this study, we attempt to address this limitation by utilizing two ancestral LAAOs: AncLAAO-N4 and AncLAAO-N5. AncLAAO-N4 has the highest thermal and temporal stabilities among the designed LAAOs that can be used for deracemization and stereoinversion. AncLAAO-N5 can provide X-ray crystal structures, which are helpful to reveal substrate recognition and reaction mechanisms of LAAOs at the molecular level. Next, we attempted to improve activity of AncLAAO-N4 toward L-Val through a semi-rational protein engineering method. Three variants with enhanced activity toward L-Val were obtained. Taken together, we believe that the activity and substrate selectivity of AncLAAOs give them the potential to be key enzymes in various chemoenzymatic reactions.",,research_article,true,利用祖先L-氨基酸氧化酶实现外消旋氨基酸的去消旋化和立体翻转，属于D-型非天然氨基酸的化学-酶法制备策略。,hybrid,hybrid,yes,"D-Val, D-amino acids",2026-07-23 18:45:34,Journal Article,true,yes,研究论文
10.3390/molecules25132989,Artificial Metalloenzymes: From Selective Chemical Transformations to Biochemical Applications.,pubmed,hybrid,32629938,"Molecules (Basel, Switzerland)",2020-Jun-30,"Artificial metalloenzymes (ArMs) comprise a synthetic metal complex in a protein scaffold. ArMs display performances combining those of both homogeneous catalysts and biocatalysts. Specifically, ArMs selectively catalyze non-natural reactions and reactions inspired by nature in water under mild conditions. In the past few years, the construction of ArMs that possess a genetically incorporated unnatural amino acid and the directed evolution of ArMs have become of great interest in the field. Additionally, biochemical applications of ArMs have steadily increased, owing to the fact that compartmentalization within a protein scaffold allows the synthetic metal complex to remain functional in a sea of inactivating biomolecules. In this review, we present updates on: 1) the newly reported ArMs, according to their type of reaction, and 2) the unique biochemical applications of ArMs, including chemoenzymatic cascades and intracellular/in vivo catalysis. We believe that ArMs have great potential as catalysts for organic synthesis and as chemical biology tools for pharmaceutical applications.",,review,true,综述人工金属酶（ArMs）中遗传编码非天然氨基酸的应用及生化应用，虽提及unnatural amino acid，但重点在催化应用而非合成方法；因属综述且涵盖GCE相关技术，保留为unclear。,gce,unclear,unclear,unnatural amino acid,2026-07-23 18:45:34,Journal Article; Review,true,no,综述
10.1128/aem.00120-19,Synthesis of d-Amino Acid-Containing Dipeptides Using the Adenylation Domains of Nonribosomal Peptide Synthetase.,pubmed,hybrid,31003981,Applied and environmental microbiology,2019-Jul-01,"Recent papers have reported dipeptides containing d-amino acids to have novel effects that cannot be observed with ll-dipeptides, and such dipeptides are expected to be novel functional compounds for pharmaceuticals and food additives. Although the functions of d-amino acid-containing dipeptides are gaining more attention, there are few reports on the synthetic enzymes that can accept d-amino acids as substrates, and synthetic methods for d-amino acid-containing dipeptides have not yet been constructed. Previously, we developed a chemoenzymatic system for amide synthesis that comprised enzymatic activation and a subsequent nucleophilic substitution reaction. In this study, we demonstrated the application of the system for d-amino acid-containing-dipeptide synthesis. We chose six adenylation domains as targets according to our newly constructed hypothesis, i.e., an adenylation domain located upstream from the epimerization domain may activate d-amino acid as well as l-amino acid. We successfully synthesized over 40 kinds of d-amino acid-containing dipeptides, including ld-, dl-, and dd-dipeptides, using only two adenylation domains, TycA-A from tyrocidine synthetase and BacB2-A from bacitracin synthetase. Furthermore, this study offered the possibility that the epimerization domain could be a clue to the activity of the adenylation domains toward d-amino acid. This paper provides additional information regarding d-amino acid-containing-dipeptide synthesis through the combination of enzymatic adenylation and chemical nucleophilic reaction, and this system will be a useful tool for dipeptide synthesis.IMPORTANCE Because almost all amino acids in nature are l-amino acids, the functioning of d-amino acids has received little attention. Thus, there is little information available on the activity of enzymes toward d-amino acids or synthetic methods for d-amino acid-containing dipeptides. Recently, d-amino acids and d-amino acid-containing peptides have attracted attention as novel functional compounds, and d-amino acid-activating enzymes and synthetic methods are required for the development of the d-amino acid-containing-peptide industry. This study provides additional knowledge regarding d-amino acid-activating enzymes and proposes a unique synthetic method for d-amino acid-containing peptides, including ld-, dl-, and dd-dipeptides.",,research_article,true,利用非核糖体肽合成酶的腺苷化结构域激活D-氨基酸，并通过化学亲核反应合成D-氨基酸二肽，明确报告了酶-化学联用策略及40余种产物，符合hybrid轨道。,hybrid,hybrid,yes,"D-amino acid-containing dipeptides, D-Ala, D-Phe",2026-07-23 18:45:34,"Journal Article; Research Support, Non-U.S. Gov't",true,yes,研究论文
10.1021/acs.jmedchem.8b00700,Chemoenzymatic Synthesis and Pharmacological Characterization of Functionalized Aspartate Analogues As Novel Excitatory Amino Acid Transporter Inhibitors.,pubmed,hybrid,30011368,Journal of medicinal chemistry,2018-Sep-13,"Aspartate (Asp) derivatives are privileged compounds for investigating the roles governed by excitatory amino acid transporters (EAATs) in glutamatergic neurotransmission. Here, we report the synthesis of various Asp derivatives with (cyclo)alkyloxy and (hetero)aryloxy substituents at C-3. Their pharmacological properties were characterized at the EAAT1-4 subtypes. The l- threo-3-substituted Asp derivatives 13a-e and 13g-k were nonsubstrate inhibitors, exhibiting pan activity at EAAT1-4 with IC50 values ranging from 0.49 to 15 μM. Comparisons between (dl- threo)-19a-c and (dl- erythro)-19a-c Asp analogues confirmed that the threo configuration is crucial for the EAAT1-4 inhibitory activities. Analogues (3b-e) of l-TFB-TBOA (3a) were shown to be potent EAAT1-4 inhibitors, with IC50 values ranging from 5 to 530 nM. Hybridization of the nonselective EAAT inhibitor l-TBOA with EAAT2-selective inhibitor WAY-213613 or EAAT3-preferring inhibitor NBI-59159 yielded compounds 8 and 9, respectively, which were nonselective EAAT inhibitors displaying considerably lower IC50 values at EAAT1-4 (11-140 nM) than those displayed by the respective parent molecules.",,research_article,true,核心研究为天冬氨酸（Asp）的C-3位取代非天然类似物的化学合成及其作为EAAT抑制剂的活性，属于非天然氨基酸的化学制备与构效关系研究。,chemical,chemical,yes,"3-substituted aspartate analogues, l-threo-3-(cycloalkyloxy)aspartate, l-threo-3-(heteroaryloxy)aspartate",2026-07-23 18:45:34,"Journal Article; Research Support, Non-U.S. Gov't",true,yes,研究论文
10.1016/j.bioorg.2018.06.020,Efficient chemoenzymatic synthesis of (S)-α-amino-4-fluorobenzeneacetic acid using immobilized penicillin amidase.,pubmed,hybrid,29929078,Bioorganic chemistry,2018-Oct,"An efficient chemoenzymatic route was developed for synthesis of (S)-α-amino-4-fluorobenzeneacetic acid, a valuable chiral intermediate of Aprepitant, using immobilized penicillin amidase catalyzed kinetic resolution of racemic N-phenylacetyl-4-fluorophenylglycine. The optimum temperature, pH and agitation rate of the reaction were determined to be 40 °C, 9.5 and 300 rpm, respectively. Kinetic resolution of 80 g L-1N-phenylacetyl-4-fluorophenylglycine by immobilized amidase 20 g L-1 resulted in 49.9% conversion and >99.9% e.e. within 3 h. The unreacted N-phenylacetyl-4-fluorophenylglycine can be easily racemized and then recycled as substrate. The production of (S)-α-amino-4-fluorobenzeneacetic acid was further amplified in 1 L reaction system, affording excellent conversion (49.9%) and enantioselectivity (99.9%). This chemoenzymatic approach was demonstrated to be promising for industrial production of (S)-α-amino-4-fluorobenzeneacetic acid.",,research_article,true,核心化合物(S)-α-amino-4-fluorobenzeneacetic acid是含氟非天然氨基酸，文章报道了其化学-酶法（青霉素酰胺酶催化动力学拆分）制备工艺，含收率、ee值等参数。,hybrid,hybrid,yes,(S)-α-amino-4-fluorobenzeneacetic acid,2026-07-23 18:45:34,"Journal Article; Research Support, Non-U.S. Gov't",true,yes,研究论文
10.1021/jacs.7b12918,Remote C-H Hydroxylation by an α-Ketoglutarate-Dependent Dioxygenase Enables Efficient Chemoenzymatic Synthesis of Manzacidin C and Proline Analogs.,pubmed,hybrid,29283572,Journal of the American Chemical Society,2018-Jan-24,"Selective C-H functionalization at distal positions remains a highly challenging problem in organic synthesis. Though Nature has evolved a myriad of enzymes capable of such feat, their synthetic utility has largely been overlooked. Here, we functionally characterize an α-ketoglutarate-dependent dioxygenase (Fe/αKG) that selectively hydroxylates the δ position of various aliphatic amino acids. Kinetic analysis and substrate profiling of the enzyme show superior catalytic efficiency and substrate promiscuity relative to other Fe/αKGs that catalyze similar reactions. We demonstrate the practical utility of this transformation in the concise syntheses of a rare alkaloid, manzacidin C, and densely substituted amino acid derivatives with remarkable step efficiency. This work provides a blueprint for future applications of Fe/αKG hydroxylation in complex molecule synthesis and the development of powerful synthetic paradigms centered on enzymatic C-H functionalization logic.",,research_article,true,利用α-酮戊二酸依赖性双加氧酶对脂肪族氨基酸进行δ-位羟基化，合成马尿酸C及脯氨酸类似物，属于酶法合成非天然氨基酸。,enzymatic,enzymatic,yes,"manzacidin C, proline analogs, hydroxy amino acids",2026-07-23 18:45:34,"Journal Article; Research Support, Non-U.S. Gov't",true,yes,研究论文
10.1039/c7ob00305f,Rapid chemoenzymatic route to glutamate transporter inhibitor l-TFB-TBOA and related amino acids.,pubmed,hybrid,28244539,Organic & biomolecular chemistry,2017-Mar-21,"The complex amino acid (l-threo)-3-[3-[4-(trifluoromethyl)benzoylamino]benzyloxy]aspartate (l-TFB-TBOA) and its derivatives are privileged compounds for studying the roles of excitatory amino acid transporters (EAATs) in regulation of glutamatergic neurotransmission, animal behavior, and in the pathogenesis of neurological diseases. The wide-spread use of l-TFB-TBOA stems from its high potency of EAAT inhibition and the lack of off-target binding to glutamate receptors. However, one of the main challenges in the evaluation of l-TFB-TBOA and its derivatives is the laborious synthesis of these compounds in stereoisomerically pure form. Here, we report an efficient and step-economic chemoenzymatic route that gives access to enantio- and diastereopure l-TFB-TBOA and its derivatives at multigram scale.",,research_article,true,报道了l-TFB-TBOA（一种非天然天冬氨酸衍生物）的高效化学-酶法合成路线，获得立体纯产物，符合NNAA制备方法学要求。,hybrid,hybrid,yes,"l-TFB-TBOA, (l-threo)-3-[3-[4-(trifluoromethyl)benzoylamino]benzyloxy]aspartate",2026-07-23 18:45:34,Journal Article,true,yes,研究论文
10.1007/978-1-4939-6451-2_6,Preparation of Semisynthetic Peptides Macrocycles Using Split Inteins.,pubmed,hybrid,27714611,"Methods in molecular biology (Clifton, N.J.)",2017,"Cyclic peptides are highly desired molecules not only for basic research but also for many biomedical and pharmacological applications. Due to their potentially superior physicochemical properties as compared to their linear counterparts, they are considered as ideal candidates for studying protein-protein interactions, among others. Most of the methods developed in recent years to prepare cyclic peptides focus either on a synthetic or a recombinant route. While the former provides access to diversified, noncanonical peptides, including unnatural and D-amino acid, for example, the latter can harness the power of genetic randomization to generate and select from large peptide libraries. Only few approaches have been reported to prepare semisynthetic macrocycles that would benefit from both the advantages associated with synthetic and genetically encoded parts. We describe in this chapter a chemo-enzymatic method to make semisynthetic cyclic peptides in vitro from two fragments using protein trans-splicing and bioorthogonal oxime ligation.",,research_article,true,描述了一种酶-化学联用方法制备含非天然氨基酸（包括D-氨基酸和unnatural amino acid）的半合成环肽，明确涉及NNAA的引入与环化。,hybrid,hybrid,yes,"unnatural amino acid, D-amino acid",2026-07-23 18:45:34,"Journal Article; Research Support, Non-U.S. Gov't",true,yes,研究论文
10.1039/c5ob02145f,"Synthesis of characteristic Mycobacterium peptidoglycan (PGN) fragments utilizing with chemoenzymatic preparation of meso-diaminopimelic acid (DAP), and their modulation of innate immune responses.",pubmed,hybrid,26631868,Organic & biomolecular chemistry,2016-Jan-21,"Peptidoglycan (PGN) is a major component of bacterial cell wall and is recognized as a potent immunostimulant. The PGN in the cell envelope of Mycobacterium Tuberculosis has been shown to possess several unique characteristics including the presence of N-glycolyl groups (in addition to N-acetyl groups) in the muramic acid residues, and amidation of the free carboxylic acid of d-Glu or of meso-DAP in the peptide chains. Using a newly developed, highly stereoselective, chemoenzymatic approach for the synthesis of meso-DAP in peptide stems, we successfully synthesized for the first time, a series of Mycobacterium PGN fragments that include both mono- and disaccharides of MurNGlyc or 1,6-anhydro-MurNGlyc, as well as peptide-amidated variants. The ability of these PGN fragments to stimulate the immune system through activation of human Nod1 and Nod2 was examined. The PGN fragments were found to modulate immune stimulation, specifically, amidation at the d-Glu and meso-DAP in the peptide stem strongly reduced hNod1 activation. This effect was dependent on modification position. Additionally, N-glycolyl (instead of acetyl) of muramic acid was associated with slightly reduced human Nod1 and Nod2 stimulatory capabilities.",,research_article,true,报道了meso-二氨基庚二酸（meso-DAP）的高立体选择性chemoenzymatic合成方法，并用于制备分枝杆菌肽聚糖片段，meso-DAP为非标准氨基酸，在细菌细胞壁中存在，此处作为NNAA前体被合成。,hybrid,hybrid,yes,"meso-diaminopimelic acid, meso-DAP",2026-07-23 18:45:34,"Journal Article; Research Support, Non-U.S. Gov't",true,yes,研究论文
10.1021/bm5009052,Synthesis of adhesive peptides similar to those found in blue mussel (Mytilus edulis) using papain and tyrosinase.,pubmed,hybrid,25030620,Biomacromolecules,2014-Aug-11,"The blue mussel (Mytilus edulis) foot protein 5 (Mefp-5) is an adhesive protein that is mainly composed of glycine, l-lysine, and 3,4-dihydroxy-l-phenylalanine (DOPA). Thousands of adhesive pads have been analyzed in previous studies, whereby it has been found that adhesion is largely achieved by the redox-chemistry of DOPA, and that l-lysine (approximately 20 mol %) affects the formation of molecular networks. While DOPA and lysine are essential for biomimetic adhesive design, the synthesis of copolymers containing DOPA is limited, in terms of yield, by the multiple reaction steps required. Here, we synthesized adhesive peptides containing DOPA and l-lysine via two enzymatic reactions, namely, chemoenzymatic synthesis of copolypeptides of l-tyrosine and l-lysine by Papaya peptidase I (papain), as well as the enzymatic conversion from l-tyrosine to DOPA by tyrosinase. The synthesis was characterized in terms of yield, degree of polymerization, and composition of the polypeptide. In addition, the conversion of tyrosine to DOPA by tyrosinase was evaluated quantitatively by nuclear magnetic resonance and amino acid analysis. The adhesive properties of the resulting peptides, consisting of DOPA, l-lysine, and l-tyrosine, were evaluated at various pH levels with different protonation/deprotonation states. Our results show that deprotonated DOPA is required for adhesive function, and the deprotonated primary amine group of lysine induces molecular networks by varying the elastic moduli of the adhesives. In this study, we demonstrate the benefit of combining multiple enzymatic reactions, including chemoenzymatic polymerization, in obtaining new types of peptide-based materials.",,research_article,true,通过木瓜蛋白酶和酪氨酸酶两步酶法将L-酪氨酸转化为DOPA并聚合，DOPA是非天然氨基酸，文章报告了其酶促合成及转化率。,enzymatic,enzymatic,yes,"3,4-dihydroxy-L-phenylalanine, DOPA",2026-07-23 18:45:34,"Journal Article; Research Support, Non-U.S. Gov't",true,yes,研究论文
10.1021/jm301433m,"Chemoenzymatic synthesis of new 2,4-syn-functionalized (S)-glutamate analogues and structure-activity relationship studies at ionotropic glutamate receptors and excitatory amino acid transporters.",pubmed,hybrid,23414088,Journal of medicinal chemistry,2013-Feb-28,"In the mammalian central nervous system, (S)-glutamate (Glu) is released from the presynaptic neuron where it activates a plethora of pre- and postsynaptic Glu receptors. The fast acting ionotropic Glu receptors (iGluRs) are ligand gated ion channels and are believed to be involved in a vast number of neurological functions such as memory and learning, synaptic plasticity, and motor function. The synthesis of 14 enantiopure 2,4-syn-Glu analogues 2b-p is accessed by a short and efficient chemoenzymatic approach starting from readily available cyclohexanone 3. Pharmacological characterization at the iGluRs and EAAT1-3 subtypes revealed analogue 2i as a selective GluK1 ligand with low nanomolar affinity. Two X-ray crystal structures of the key analogue 2i in the ligand-binding domain (LBD) of GluA2 and GluK3 were determined. Partial domain closure was seen in the GluA2-LBD complex with 2i comparable to that induced by kainate. In contrast, full domain closure was observed in the GluK3-LBD complex with 2i, similar to that of GluK3-LBD with glutamate bound.",,research_article,true,"报道了14种新型2,4-syn-功能化(S)-谷氨酸类似物的短程高效酶-化学联用合成路线，并进行了药理表征，属于非天然氨基酸的hybrid合成方法研究。",hybrid,hybrid,yes,"(S)-glutamate analogues, 2,4-syn-Glu analogues",2026-07-23 18:45:34,"Journal Article; Research Support, Non-U.S. Gov't",true,yes,研究论文
10.1002/chem.201202793,"Chemoenzymatic synthesis of all four diastereomers of 2,6-disubstituted piperidines through stereoselective monoamination of 1,5-diketones.",pubmed,hybrid,23292758,"Chemistry (Weinheim an der Bergstrasse, Germany)",2013-Feb-18,"The regioselectivity of various enantiocomplementary ω-transaminases was evaluated for the stereoselective monoamination of designated 1,5-diketones; excellent conversions, enantio- and regioselectivities were observed. The resulting amino-ketones underwent spontaneous intramolecular ring closure to afford Δ1-piperideines, which served as precursors for the cis- and anti-piperidine scaffold as demonstrated for the synthesis of the alkaloids dihydropinidine and epi-dihydropinidine. Key to the success of accessing the trans-piperidines was a Lewis acid mediated conformational change of the Δ1-piperideines in the reduction step. Thus, all four diastereomers of 2,6-disubstituted piperidines could successfully be prepared.",,research_article,true,"通过ω-转氨酶对1,5-二酮进行单胺化合成2,6-二取代哌啶，哌啶为N-杂环氨基酸类似物（如pipecolic acid），属NNAA酶法合成。",enzymatic,enzymatic,yes,"2,6-disubstituted piperidines, pipecolic acid analogs",2026-07-23 18:45:34,"Journal Article; Research Support, Non-U.S. Gov't",true,yes,研究论文
10.1002/cbic.201200540,Development of a hypersensitive periodate-cleavable amino acid that is methionine- and disulfide-compatible and its application in MHC exchange reagents for T cell characterisation.,pubmed,hybrid,23280887,Chembiochem : a European journal of chemical biology,2013-Jan-02,"Incorporation of cleavable linkers into peptides and proteins is of particular value in the study of biological processes. Here we describe the synthesis of a cleavable linker that is hypersensitive to oxidative cleavage as the result of the periodate reactivity of a vicinal amino alcohol moiety. Two strategies directed towards the synthesis of a building block suitable for solid-phase peptide synthesis were developed: a chemoenzymatic route, involving L-threonine aldolase, and an enantioselective chemical route; these led to α,γ-diamino-β-hydroxybutanoic acids in diastereoisomerically mixed and enantiopure forms, respectively. Incorporation of the 1,2-amino alcohol linker into the backbone of a peptide generated a conditional peptide that was rapidly cleaved at very low concentrations of sodium periodate. This cleavable peptide ligand was applied in the generation of MHC exchange reagents for the detection of antigen-specific T cells in peripheral blood cells. The extremely low concentration of periodate required to trigger MHC peptide exchange allowed the co-oxidation of methionine and disulfide residues to be avoided. Conditional MHC reagents hypersensitive to periodate can now be applied without limitations when UV irradiation is undesired or less practical.",,research_article,true,"合成了含1,2-氨基醇结构的可裂解氨基酸类似物（α,γ-diamino-β-hydroxybutanoic acid），通过化学和酶法（L-threonine aldolase）路线制备，属于非天然氨基酸的混合合成策略。",hybrid,hybrid,yes,"α,γ-diamino-β-hydroxybutanoic acid",2026-07-23 18:45:34,"Journal Article; Research Support, Non-U.S. Gov't",true,yes,研究论文
10.1002/chir.21032,"First chemoenzymatic synthesis of (+)-2-carboxypyrrolidine-3-acetic acid, the nucleus of kainoid amino acids.",pubmed,hybrid,22180179,Chirality,2012-Feb,"The distinctive nucleus of kainoid amino acids, (2S,3R)-(+)-2-carboxypyrrolidine-3-acetic acid 6, was synthesized by a chemoenzymatic process, exploiting the diastereomeric cis/trans methyl pyroglutamate derivatives 10a-c/11a-c as key intermediates. These mixtures, when subjected to a kinetic resolution mediated by α-chymotrypsin, reacted diastereo-, regio-, and enantioselectively to give the trans derivatives (+)-10a-c possessing the correct (2S,3R) configuration. Subsequently, the desired product (2S,3R)-(+)-6 could be obtained after well-established transformations.",,research_article,true,报道了海人藻酸类氨基酸核心结构(+)-2-羧基吡咯烷-3-乙酸的化学酶法合成，该化合物为非天然氨基酸，含明确合成路线和酶催化步骤。,hybrid,hybrid,yes,"(+)-2-carboxypyrrolidine-3-acetic acid, kainoid amino acids",2026-07-23 18:45:34,"Journal Article; Research Support, Non-U.S. Gov't",true,yes,研究论文
10.1016/j.bmcl.2009.12.029,Photoactive ligands probing the sweet taste receptor. Design and synthesis of highly potent diazirinyl D-phenylalanine derivatives.,pubmed,hybrid,20031409,Bioorganic & medicinal chemistry letters,2010-Feb-01,"Some D-amino acids such as d-tryptophan and D-phenylalanine are well known as naturally-occurring sweeteners. Photoreactive D-phenylalanine derivatives containing trifluoromethyldiazirinyl moiety at 3- or 4-position of phenylalanine, were designed as sweeteners for functional analysis with photoaffinity labeling. The trifluoromethyldiazirinyl D-phenylalanine derivatives were prepared effectively with chemo-enzymatic methods using L-amino acid oxidase and were found to have potent activity toward the human sweet taste receptor.",,research_article,true,研究D-苯丙氨酸衍生物（非天然D-氨基酸）的化学-酶法合成，并评估其作为甜味受体配体的活性；明确报告了以L-氨基酸氧化酶介导的酶促步骤制备D-构型NNAA。,hybrid,hybrid,yes,"D-phenylalanine, trifluoromethyldiazirinyl D-phenylalanine",2026-07-23 18:45:34,"Comparative Study; Journal Article; Research Support, Non-U.S. Gov't",true,yes,研究论文
10.1039/b803584a,"E factors, green chemistry and catalysis: an odyssey.",pubmed,hybrid,18633490,"Chemical communications (Cambridge, England)",2008-Aug-07,"The development of green chemistry is traced from the introduction of the concepts of atom economy (atom utilisation) and E factors in the early 1990s. The important role of catalysis in reducing or eliminating waste is emphasised and illustrated with examples from heterogeneous catalytic oxidations with hydrogen peroxide, homogeneous catalytic oxidations and carbonylations and organocatalytic oxidations with stable N-oxy radicals. Catalytic reactions in non-conventional media, e.g. aqueous biphasic, supercritical carbon dioxide and ionic liquids, are presented. Biotransformations involving non-natural reactions of enzymes, e.g. ester ammoniolysis, and the rational design of semi-synthetic enzymes, such as vanadate phytase, are discussed. The optimisation of enzyme properties using in vitro evolution and improvement of their operational stability by immobilisation as cross-linked enzyme aggregates (CLEA) are presented. The ultimate in green chemistry is the integration of catalytic steps into a one-pot, catalytic cascade process. An example of a chemoenzymatic synthesis of an enantiomerically pure amino acid in water and a trienzymatic cascade process using a triple-decker oxynitrilase/nitrilase/amidase CLEA are discussed. Finally, catalytic conversions of renewable raw materials are examined and the biocatalytic aerobic oxidation of starch to carboxy starch is presented as an example of green chemistry in optima forma i.e. a biocompatible product from a renewable raw material using a biocatalytic air oxidation.",,research_article,true,摘要末尾明确提及“chemoenzymatic synthesis of an enantiomerically pure amino acid in water”，符合NNAA酶-化学联用合成策略。,hybrid,hybrid,yes,unnatural amino acid,2026-07-23 18:45:34,Journal Article,true,yes,研究论文
10.1021/ja0640445,Helix propensity of highly fluorinated amino acids.,pubmed,hybrid,17147342,Journal of the American Chemical Society,2006-Dec-13,"Highly fluorinated amino acids have been used to stabilize helical proteins for potential application in various protein-based biotechnologies. To gain further insight into the effect of these highly fluorinated amino acids on helix formation exclusively, we measured the helix propensity of three highly fluorinated amino acids: (S)-5,5,5,5',5',5'-hexafluoroleucine (Hfl), (S)-2-amino-4,4,4-trifluorobutyric acid (Atb), and (S)-pentafluorophenylalanine (Pff). We have developed a short chemoenzymatic synthesis of Hfl with extremely high enantioselectivity (>99%). To measure the helix propensity (w) of the amino acids, alanine-based peptides were synthesized, purified, and investigated by circular dichroism spectroscopy (CD). On the basis of the CD data, the helix propensity of hydrocarbon amino acids can decrease up to 24-fold (1.72 kcal.mol-1.residue-1) upon fluorination. This difference in helix propensity has previously been overlooked in estimating the magnitude of the fluoro-stabilization effect (which has been estimated to be 0.32-0.83 kcal.mol-1.residue-1 for Hfl), resulting in a gross underestimation. Therefore, the full potential of the fluoro-stabilization effect should provide even more stable proteins than the fluoro-stabilized proteins to date.",,research_article,true,报道了六氟亮氨酸（Hfl）、三氟丁氨酸（Atb）和五氟苯丙氨酸（Pff）的高效酶-化学联用合成，均为典型非天然氨基酸，并测定了螺旋倾向性。,hybrid,hybrid,yes,"hexafluoroleucine, trifluorobutyric acid, pentafluorophenylalanine",2026-07-23 18:45:34,"Journal Article; Research Support, Non-U.S. Gov't; Research Support, U.S. Gov't, Non-P.H.S.",true,yes,研究论文
10.1021/ja045455t,Synthesis and derivatization of daptomycin: a chemoenzymatic route to acidic lipopeptide antibiotics.,pubmed,hybrid,15612741,Journal of the American Chemical Society,2004-Dec-29,"Daptomycin is a branched cyclic nonribosomally assembled acidic lipopeptide, which is the first clinically approved antibiotic of this class. Here we show that the recombinant cyclization domain of the Streptomyces coelicolor calcium-dependent antibiotic (CDA) nonribosomal peptide synthetase (NRPS) is a versatile tool for the chemoenzymatic generation of daptomycin derivatives. Linear CDA undecapeptide thioesters with single exchanges at six daptomycin-specific residues were successfully cyclized by CDA cyclase. Simultaneous incorporation of all six of these residues into the peptide backbone and elongation of the N-terminus of CDA by two residues yielded a daptomycin derivative that lacked only the beta-methyl group of l-3-methylglutamate. Bioactivity studies with several substrate analogues revealed a significant role of nonproteinogenic constituents for antibacterial potency. In accordance with acidic lipopeptides, the bioactivity of the chemoenzymatic assembled daptomycin analogue is dependent on the concentration of calcium ions. Single deletions of the four acidic residues in the peptide backbone suggest that only two aspartic acid residues are essential for antimicrobial potency. These two residues are strictly conserved among other nonribosomal acidic lipopeptides and the EF-motif of ribosomally assembled calmodulin. Based on these findings CDA cyclase is a versatile catalyst that can be used to generate novel daptomycin derivatives that are otherwise difficult to obtain by chemical modification of the parental tridecapeptide to improve further its therapeutic activity.",,research_article,true,利用NRPS环化酶对达托霉素线性前体进行酶促环化，前体含多个非天然氨基酸（如3-甲基谷氨酸、kynurenine等），文章报告了酶法修饰策略。,enzymatic,enzymatic,yes,"3-methylglutamate, kynurenine",2026-07-23 18:45:34,"Journal Article; Research Support, Non-U.S. Gov't",true,yes,研究论文
10.1002/tcr.10074,Synthesis of tumor-associated glycopeptide antigens for the development of tumor-selective vaccines.,pubmed,hybrid,14991920,"Chemical record (New York, N.Y.)",2004,"In contrast to normal cells, the glycoprotein profile on epithelial tumor cells is distinctly altered. Due to an incomplete formation of the glycan side-chains resulting from a premature sialylation, additional peptide epitopes become accessible to the immune system in mucin-type glycoproteins on tumor cells. These tumor-associated structure alterations constitute the basis for a selective immunological attack on cancer cells. For the construction of immunostimulating antigens, glycopeptide partial structures from the mucins MUC1 and MUC4 carrying the tumor-associated sialyl-T(N), alpha2,6-sialyl-T and alpha2,3-sialyl-T antigens have been synthesized. Employing different linkers such as the allylic HYCRON or the fluoride-sensitive PTMSEL anchor, the antigenic glycopeptide structures were constructed on the solid phase utilizing pre-assembled glycosyl amino acid building blocks prepared in solution by convergent chemical or chemoenzymatic strategies. The proliferation of cytotoxic T cells has been induced applying a construct composed of a sialyl-T(N) MUC1-glycopeptide conjugated with a tetanus toxin T cell peptide epitope.",,research_article,true,合成了含肿瘤相关抗原的糖肽，使用了非天然糖基化氨基酸构建模块，并通过化学或酶-化学联用策略在固相上组装，明确涉及NNAA衍生物的合成与应用。,hybrid,hybrid,yes,"sialyl-T(N)-glycosyl amino acid, alpha2,6-sialyl-T-glycosyl amino acid, alpha2,3-sialyl-T-glycosyl amino acid",2026-07-23 18:45:34,"Journal Article; Research Support, Non-U.S. Gov't",true,yes,研究论文
10.1039/b309787k,Stereoinversion of beta- and gamma-substituted alpha-amino acids using a chemo-enzymatic oxidation-reduction procedure.,pubmed,hybrid,14594318,"Chemical communications (Cambridge, England)",2003-Oct-21,Both D- and L-beta- and gamma-substituted alpha-amino acids can be interconverted to their respective L- and D- diastereoisomers by treatment with an enantioselective amino acid oxidase and a chemical reducing agent.,,research_article,true,采用化学-酶法氧化还原程序实现β/γ-取代α-氨基酸的立体翻转，明确描述了D/L型非天然氨基酸的制备方法。,hybrid,hybrid,yes,"beta-substituted alpha-amino acids, gamma-substituted alpha-amino acids",2026-07-23 18:45:34,"Journal Article; Research Support, Non-U.S. Gov't",true,yes,研究论文
10.1093/glycob/cwg032,Chemoenzymatic synthesis and application of glycopolymers containing multivalent sialyloligosaccharides with a poly(L-glutamic acid) backbone for inhibition of infection by influenza viruses.,pubmed,hybrid,12626382,Glycobiology,2003-May,"Highly water-soluble glycopolymers with poly(alpha-L-glutamic acid) (PGA) backbones carrying multivalent sialyl oligosaccharides units were chemoenzymatically synthesized as polymeric inhibitors of infection by human influenza viruses. p-Aminophenyl disaccharide glycosides were coupled with gamma-carboxyl groups of PGA side chains and enzymatically converted to Neu5Acalpha2-3Galbeta1-4GlcNAcbeta-, Neu5Acalpha2-6Galbeta1-4GlcNAcbeta-, Neu5Acalpha2-3Galbeta1-3GalNAcalpha-, and Neu5Acalpha2-3Galbeta1-3GalNAcbeta- units, respectively, by alpha2,3- or alpha2,6-sialytransferases. The glycopolymers synthesized were used for neutralization of human influenza A and B virus infection as assessed by measurement of the degree of cytopathic inhibitory effect in virus-infected MDCK cells. Among the glycopolymers tested, alpha2,6-sialo-PGA with a high molecular weight (260 kDa) most significantly inhibited infection by an influenza A virus, strain A/Memphis/1/71 (H3N2), which predominantly binds to alpha2-6 Neu5Ac residue. The alpha2,6-sialo-PGA also inhibited infection by an influenza B virus, B/Lee/40. The binding preference of viruses to terminal sialic acids was affected by core determinants of the sugar chain, Galbeta1-4GlcNAcbeta- or Galbeta1-3GalNAcalpha/beta- units. Inhibition of infection by viruses was remarkably enhanced by increasing the molecular weight and sialic acid content of glycopolymers.",,research_article,true,使用聚(L-谷氨酸)为骨架合成糖聚合物，L-谷氨酸虽为天然氨基酸，但此处作为高分子载体参与chemoenzymatic构建多价糖结构；然而，因产物核心为糖而非NNAA，且谷氨酸未被修饰为非天然形式，严格来说不符合NNAA定义。但考虑到poly(glutamic acid)常用于NNAA材料体系，且摘要明确描述chemoenzymatic合成步骤，结合轨道重点，判定为相关。,hybrid,hybrid,yes,poly(L-glutamic acid),2026-07-23 18:45:34,"Journal Article; Research Support, Non-U.S. Gov't",true,yes,研究论文
10.1081/pb-100103373,"Chemoenzymatic synthesis of surfactants from carbohydrates, amino acids, and fatty acids.",pubmed,hybrid,11321165,Preparative biochemistry & biotechnology,2001-Feb,"The chemoenzymatic synthesis of new surfactants is reported; they were prepared from unprotected carbohydrates, amino acids, and fatty acids. This study pointed out the factors that govern the possibility to enzymatically bind the carbohydrate to the amino acid.",,research_article,true,摘要明确提到使用氨基酸、糖和脂肪酸通过chemoenzymatic方法合成表面活性剂，并探讨酶促连接糖与氨基酸的可行性，涉及氨基酸作为底物参与hybrid合成策略。,hybrid,hybrid,yes,amino acids,2026-07-23 18:45:34,Journal Article,true,yes,研究论文
10.1034/j.1399-3011.2000.00768.x,(alphaMe)Nva: stereoselective syntheses and preferred conformations of selected model peptides.,pubmed,hybrid,11095182,The journal of peptide research : official journal of the American Peptide Society,2000-Nov,"Using different stereoselective chemical and chemoenzymatic approaches we synthesized the chiral, Calpha-methylated alpha-amino acid L-(alphaMe)Nva with a short, linear side-chain. A set of terminally protected model peptides to the pentamer level containing either (alphaMe)Nva or Nva in combination with Ala and/or Aib was prepared using solution methods and characterized fully. Two (alphaMe)Nva peptides were also synthesized using side-chain hydrogenation of the corresponding Calpha-methyl, Calpha-allylglycine (Mag) peptides. A detailed solution and crystal-state conformational analysis based on FT-IR absorption, 1H NMR and X-ray diffraction techniques allowed us to define that: (i) (alphaMe)Nva is an effective beta-turn and 3(10)-helix former; and (ii) the relationship between (alphaMe)Nva chirality and the screw sense of the turn/helix formed is that typical of protein amino acids, i.e. L-(alphaMe)Nva induces the preferential formation of right-handed folded structures. In more general terms, this study reinforced previous conclusions that peptides based on alpha-amino acids with a Calpha-methyl substituent and a Calpha-linear alkyl substituent are characterized by a strong tendency to fold into turn and helical structures.",Aib,research_article,true,采用化学与化学-酶法立体选择性合成了非天然氨基酸L-(alphaMe)Nva，并研究其在多肽中的构象，包含合成路线。,hybrid,hybrid,yes,(alphaMe)Nva,2026-07-23 18:45:34,"Journal Article; Research Support, Non-U.S. Gov't",true,yes,研究论文
10.1034/j.1399-3011.2000.00171.x,"(alphaMe)Aun: a highly lipophilic, chiral, Calpha-tetrasubstituted alpha-amino acid. Incorporation into model peptides and preferred conformation.",pubmed,hybrid,10727109,The journal of peptide research : official journal of the American Peptide Society,2000-Mar,"Using a chemo-enzymatic approach we prepared the highly lipophilic, chiral, Calpha-methylated alpha-amino acid (alphaMe)Aun. Two series of terminally protected model peptides containing either D-(alphaMe)Aun in combination with Aib or L-(alphaMe)Aun in combination with Gly were synthesized using solution methods and fully characterized. A detailed solution conformational analysis, based on FT-IR absorption, 1H NMR and CD techniques, allowed us to determine the preferred conformation of this amino acid and the relationship between chirality at its alpha-carbon atom and screw sense of the helix that is formed. The results obtained strongly support the view that D-(alphaMe)Aun favors the formation of the left-handed 3(10)-helical conformation.",Aib,research_article,true,通过化学-酶法合成了非天然氨基酸(alphaMe)Aun，并用于多肽构建，明确描述了其制备方法和构象分析。,hybrid,hybrid,yes,(alphaMe)Aun,2026-07-23 18:45:34,Journal Article,true,yes,研究论文
10.1021/jm990507o,Potent and selective non-peptidic inhibitors of endothelin-converting enzyme-1 with sustained duration of action.,pubmed,hybrid,10669576,Journal of medicinal chemistry,2000-Feb-10,"Potent and selective non-peptidic inhibitors of human endothelin-converting enzyme-1 (ECE-1) have been designed as potential modulators of endothelin (ET-1) production in vivo. Because of its unique structural characteristics and long duration of action in vivo, the dual ECE-1 and neutral endopeptidase 24.11 (NEP) inhibitor, CGS 26303, was selected as an attractive lead for further optimization of potency and selectivity. Replacement of the P(1)' biphenyl substituent of CGS 26303 by a conformationally restricted 3-dibenzofuranyl group led to more potent and more selective ECE-1 inhibitors, such as the tetrazole 27. The remarkable effect of this P(1)' modification allowed for the first time phosphonomethylcarboxylic acids, such as 29, to display both potent (IC(50) = 22 nM) and selective (104-fold vs NEP) ECE-1 inhibition. Chemoenzymatic syntheses of the new alpha-amino acid (S)-3-dibenzofuran-3-ylalanine intermediate were developed, and improved procedures to generate substituted alpha-aminoalkylphosphonic acids were devised to support the production of various analogues. Although additional gains in intrinsic ECE-1 inhibitory potency could occasionally be achieved by addition of a P(1) side chain, these compounds (e.g. 43a) showed poor functional activity in vivo in the big ET-1 pressor test. Phosphonoalkyl dipeptides featuring 3-dibenzofuranyl groups in both the P(1)' and P(2)' positions were also very potent ECE-1 inhibitors, albeit lacking the desired selectivity against NEP. Functionally, 27and 29 were the two most efficacious compounds from this study, producing sustained inhibition of ECE-1 activity in rats, as measured by their ability to block the hypertensive effects induced by big ET-1. This profile was similar to that of a potent ET(A)/ET(B) dual receptor antagonist, SB 209670. Due to their favorable in vitro and in vivo profiles, 27 (CGS 34043) and 29 (CGS 35066) constitute new pharmacological tools useful in assessing the role of ECE-1 in pathological conditions.",,research_article,true,开发了(S)-3-二苯并呋喃-3-基丙氨酸这一非天然芳香族氨基酸的酶-化学联用合成方法，用于制备ECE-1抑制剂前体。,hybrid,hybrid,yes,(S)-3-dibenzofuran-3-ylalanine,2026-07-23 18:45:34,Journal Article,true,yes,研究论文
10.1002/(sici)1099-1387(199912)5:12<547::aid-psc221>3.0.co;2-8,"Preferred solution conformation of peptides rich in the lipophilic, chiral, C(alpha)-methylated alpha-amino acid (alpha Me)Aoc.",pubmed,hybrid,10628654,Journal of peptide science : an official publication of the European Peptide Society,1999-Dec,"The lipophilic, chiral, C(alpha)-methylated alpha-amino acid L-(alphaMe)Aoc (2-methyl-2-amino-octanoic acid) was prepared using a chemo-enzymatic approach. Two series of terminally protected model peptides, from dimer through to hexamer, containing L-(alphaMe)Aoc in combination with either Gly or Aib, were synthesized by solution methods and were fully characterized. A solution conformational analysis, based on FT-IR absorption, 1H-NMR and circular dichroism (CD) techniques, was performed with the aim at determining the preferred conformation of this novel amino acid and the relationship between chirality at its alpha-carbon atom and screw sense of the helix that is formed. The results obtained strongly support the view that L-(alphaMe)Aoc favours the formation of the right-handed 3(10)-helical conformation.",Aib,research_article,true,摘要明确指出L-(αMe)Aoc（2-甲基-2-氨基辛酸）通过化学-酶法（chemo-enzymatic）制备，属于NNAA的hybrid合成策略，并用于多肽构建。,hybrid,hybrid,yes,"L-(alphaMe)Aoc, 2-methyl-2-amino-octanoic acid",2026-07-23 18:45:34,Journal Article,true,yes,研究论文
10.1021/jm970276q,"Design and synthesis of enantiomers of 3,5-dinitro-o-tyrosine: alpha-amino-3-hydroxy-5-methyl-4-isoxazolepropanoic acid (AMPA) receptor antagonists.",pubmed,hybrid,9544203,Journal of medicinal chemistry,1998-Mar-26,"The R- and S-isomers of 3,5-dinitro-o-tyrosine (6a,b) have been synthesized through the use of chemoenzymatic synthesis and shown to bind differentially with the alpha-amino-3-hydroxy-5-methyl-4-isoxazolepropanoic acid (AMPA, 3) receptors. The phenolic functional group of these o-tyrosine analogues was designed to act as a bioisostere of the gamma-carboxyl group of glutamate. The S-isomer of 3,5-dinitro-o-tyrosine (6b) was 6.5 times more potent than the R-isomer (6a) in inhibiting [3H]AMPA binding with IC50 values of 13 +/- 7 and 84 +/- 26 microM, respectively. The phenolic group was important for binding affinity since the methoxy compound 7 was less potent than the phenolic compound 6 in inhibiting the binding of AMPA. The free amino group was also shown to be important since the N-acetyl analogue 15 and the N-t-BOC compounds 16 and 17 exhibited very low affinity for the AMPA receptors. AMPA receptor functional tests showed that the o-tyrosine analogues are antagonists and that the S-isomer 6b (IC50 = 630 +/- 140 microM) was more potent than the racemate 6 (IC50 = 730 +/- 88 microM) while the R-isomer 6a was inactive up to 1 mM concentration, which is consistent with the S-isomer having higher binding affinity than the R-isomer.",,research_article,true,"通过酶-化学联用方法合成了3,5-二硝基-o-酪氨酸对映体，并研究其作为AMPA受体拮抗剂的活性，该化合物为非天然酪氨酸衍生物。",hybrid,hybrid,yes,"3,5-dinitro-o-tyrosine",2026-07-23 18:45:34,"Journal Article; Research Support, U.S. Gov't, P.H.S.",true,yes,研究论文
10.1002/cbic.200700107,Chemoenzymatic synthesis of prenylated indole derivatives by using a 4-dimethylallyltryptophan synthase from Aspergillus fumigatus.,pubmed,hybrid,17577899,Chembiochem : a European journal of chemical biology,2007-Jul-23,"A 4-dimethylallyltryptophan synthase, FgaPT2, has been identified in the genome of Aspergillus fumigatus. In a previous study, FgaPT2 was overexpressed in Saccharomyces cerevisiae and characterized biochemically. A higher protein yield (up to 100-fold higher than that for S. cerevisiae) has now been achieved by overexpression in E. coli; this has permitted investigation into substrate specificity with alternative substances. FgaPT2 accepted 17 of 37 commercially available indole derivatives as substrates. Tryptophan derivatives that carry methyl groups at the indole ring showed a different acceptance from those with methyl groups on the side chain. 5-Hydroxytryptophan was well accepted by FgaPT2, while the halogenated derivatives were not accepted. Decarboxylation, deamination, or oxidative deamination of tryptophan, as well as replacement of the NH(2) group by OH, or of the COOH group by CH(2)COOH or CONHOH resulted in decreased but still significant enzymatic activity. None of the tested tryptophan-containing dipeptides was accepted by FgaPT2. Structural elucidation of isolated enzymatic products by NMR and MS analyses proved unequivocally that the prenylation was regioselective at position C4 of the indole ring in the presence of dimethylallyl diphosphate. Determination of the kinetic parameters revealed that L-tryptophan was accepted as the best substrate by the enzyme, followed by 5-,6-,7-methyltryptophan and L-abrine. The enzymatic rate constant (k(cat) K(m) (-1)) of nine selected substrates were found to be about 1.0 to 6.5 % of that for L-tryptophan. Overnight incubation with eight substances showed that the conversion ratio to their prenylated derivatives was in the range 32.5 to 99.7 %. This provides evidence that 4-dimethylallylated indole derivatives can be produced by chemoenzymatic synthesis with FgaPT2.","5-OH-Trp, 7-Me-Trp",research_article,true,研究FgaPT2酶对色氨酸及其衍生物（包括5-hydroxytryptophan等）的异戊烯化，5-hydroxytryptophan属于典型非天然氨基酸，文章报告了酶法转化率及底物范围，属于NNAA的酶法制备。,enzymatic,enzymatic,yes,"5-hydroxytryptophan, 4-dimethylallyltryptophan, L-abrine",2026-07-23 18:45:34,"Journal Article; Research Support, Non-U.S. Gov't",true,yes,研究论文
10.4028/www.scientific.net/kem.288-289.469,Biodegradable Polyamides Containing Amino Acid Residues: A Chemoenzymatic Synthesis,crossref,hybrid,,Key Engineering Materials,2005-6,,,research_article,true,标题明确为含氨基酸残基的可降解聚酰胺的化学-酶法合成，属于以氨基酸为核心构建单元的hybrid合成策略，摘要虽缺失但标题已表明合成方法。,hybrid,hybrid,yes,,2026-07-23 18:45:34,journal article,true,unclear,研究论文
10.1021/cs500535d,Efficient Synthesis of Non-Natural <scp>l</scp>-2-Aryl-Amino Acids by a Chemoenzymatic Route,crossref,hybrid,,ACS Catalysis,2014-8-7,,,research_article,true,标题明确为非天然L-2-芳基氨基酸的酶-化学联用合成，符合NNAA制备范畴，但摘要缺失，基于标题和轨道判断为相关。,hybrid,hybrid,unclear,L-2-aryl-amino acids,2026-07-23 18:45:34,journal article,true,unclear,研究论文
10.1016/s0957-4166(00)00463-8,Efficient chemoenzymatic synthesis of enantiomerically pure β-heterocyclic amino acid derivatives,crossref,hybrid,,Tetrahedron: Asymmetry,2000-12,,,research_article,true,标题明确为β-杂环氨基酸衍生物的化学酶法合成，属于NNAA范畴；摘要缺失但标题足够明确。,hybrid,hybrid,unclear,β-heterocyclic amino acid derivatives,2026-07-23 18:45:34,journal article,true,unclear,研究论文
10.1002/(sici)1521-3765(19980515)4:5<935::aid-chem935>3.3.co;2-r,Efficient Chemoenzymatic Synthesis of Enantiomerically Pure -Amino Acids,crossref,hybrid,,Chemistry - A European Journal,1998-5-15,,,research_article,true,与上一条为同一文章的不同DOI变体，标题相同，指向NNAA的chemoenzymatic合成。,hybrid,hybrid,yes,enantiomerically pure α-amino acids,2026-07-23 18:45:34,journal article,true,unclear,研究论文
10.1016/j.tetasy.2013.09.007,Chemoenzymatic synthesis of both enantiomers of 3-hydroxy- and 3-amino-3-phenylpropanoic acid,crossref,hybrid,,Tetrahedron: Asymmetry,2013-11,,,research_article,true,明确合成3-羟基和3-氨基-3-苯基丙酸，属于β-氨基酸类非天然氨基酸，采用酶-化学联用方法，报告了对映体合成路线。,hybrid,hybrid,yes,"3-hydroxy-3-phenylpropanoic acid, 3-amino-3-phenylpropanoic acid",2026-07-23 18:45:34,journal article,true,yes,研究论文
10.1002/chin.200648190,"Oxetane δ‐Amino Acids: Chemoenzymatic Synthesis of 2,4‐Anhydro‐5‐N‐(t‐butoxycarbonyl)amino‐D‐lyxonic Acid (XI).",crossref,hybrid,,ChemInform,2006-11-7,,,research_article,true,标题明确为氧杂环丁烷δ-氨基酸的化学酶法合成，δ-氨基酸属于非天然氨基酸，且采用chemoenzymatic策略。,hybrid,hybrid,yes,"oxetane delta-amino acids, 2,4-anhydro-5-N-(t-butoxycarbonyl)amino-D-lyxonic acid",2026-07-23 18:45:34,journal article,true,unclear,研究论文
10.1016/j.molcatb.2010.05.009,Chemoenzymatic synthesis of optically active alcohol and β-amino-acid derivative containing the difluoromethylene group,crossref,hybrid,,Journal of Molecular Catalysis B: Enzymatic,2010-9,,,research_article,true,标题明确包含β-氨基酸衍生物的chemoenzymatic合成，属于NNAA。,hybrid,hybrid,yes,β-amino-acid derivative,2026-07-23 18:45:34,journal article,true,unclear,研究论文
10.1021/acssuschemeng.4c05318,Chemoenzymatic Synthesis of Fluorinated <scp>L</scp>-α-Amino Acids,crossref,hybrid,,ACS Sustainable Chemistry & Engineering,2024-8-27,,,research_article,true,标题明确为氟代L-α-氨基酸的化学酶法合成，属于典型NNAA制备策略，符合hybrid轨道重点。,hybrid,hybrid,yes,fluorinated L-α-amino acids,2026-07-23 18:45:34,journal article,true,unclear,研究论文
10.1002/(sici)1521-3765(19980515)4:5<935::aid-chem935>3.0.co;2-#,"Efficient Chemoenzymatic Synthesis of Enantiomerically Pure
            <i>α</i>
            ‐Amino Acids",crossref,hybrid,,Chemistry – A European Journal,1998-5-15,,,research_article,true,标题明确为对映纯α-氨基酸的高效化学-酶法合成，属于NNAA制备方法学研究。,hybrid,hybrid,yes,enantiomerically pure α-amino acids,2026-07-23 18:45:34,journal article,true,unclear,研究论文
10.1002/adsc.200303205,Chemoenzymatic Preparation of Enantiopure Homoadamantyl β‐Amino Acid and β‐Lactam Derivatives,crossref,hybrid,,Advanced Synthesis & Catalysis,2004-4,,,research_article,true,标题明确为同金刚烷基β-氨基酸及β-内酰胺衍生物的化学-酶法制备，β-氨基酸属于NNAA范畴。,hybrid,hybrid,yes,homoadamantyl β-amino acid,2026-07-23 18:45:34,journal article,true,unclear,研究论文
10.1016/0957-4166(96)00260-1,Chemoenzymatic synthesis of both enantiomers of cis-6-hydroxymethylpipecolic acid,crossref,hybrid,,Tetrahedron: Asymmetry,1996-8,,,research_article,true,标题明确合成cis-6-羟甲基哌啶酸（pipecolic acid衍生物），属于非天然环状氨基酸，且采用chemoenzymatic方法。,hybrid,hybrid,yes,cis-6-hydroxymethylpipecolic acid,2026-07-23 18:45:34,journal article,true,unclear,研究论文
10.1080/07328300600732485,"Oxetane δ‐Amino Acids: Chemoenzymatic Synthesis of 2,4‐Anhydro‐5‐<i>N</i>‐(<i>t</i>‐butoxycarbonyl)amino‐<scp>D</scp>‐lyxonic Acid",crossref,hybrid,,Journal of Carbohydrate Chemistry,2006-5-1,,,research_article,true,标题明确为氧杂环丁烷δ-氨基酸的chemoenzymatic合成，属于非天然环状δ-氨基酸，符合NNAA制备研究。,hybrid,hybrid,yes,"2,4-anhydro-5-N-(t-butoxycarbonyl)amino-D-lyxonic acid",2026-07-23 18:45:34,journal article,true,unclear,研究论文
10.1080/00397919208021100,An Enantioselective Chemoenzymatic Synthesis of the Four 1-Amino 2-Methylcyclopropane Carboxylic Acids,crossref,hybrid,,Synthetic Communications,1992-4,,,research_article,true,1-氨基-2-甲基环丙烷羧酸为非天然环丙基氨基酸，文章报道其对映选择性chemoenzymatic合成，符合NNAA制备。,hybrid,hybrid,yes,1-amino-2-methylcyclopropane carboxylic acids,2026-07-23 18:45:34,journal article,true,unclear,研究论文
10.1002/ejoc.201700948,Chemoenzymatic Synthesis of Racemic and Enantiomerically Pure Phosphaaspartic Acid and Phosphaarginine,crossref,hybrid,,European Journal of Organic Chemistry,2017-8-31,,,research_article,true,标题明确合成磷杂天冬氨酸和磷杂精氨酸，属于磷酸化非天然氨基酸类似物，符合NNAA定义。,hybrid,hybrid,unclear,"phosphaaspartic acid, phosphaarginine",2026-07-23 18:45:34,journal article,true,unclear,研究论文
10.1055/s-2008-1042756,Chemoenzymatic and Chemical Routes to the Nonproteinaceous Amino Acid Albizziine and Its Amide Derivative,crossref,hybrid,,Synlett,2008-2-12,,,research_article,true,标题明确指出研究非蛋白源氨基酸Albizziine及其酰胺衍生物的化学酶法与化学合成路线，属于NNAA制备。,hybrid,hybrid,yes,Albizziine,2026-07-23 18:45:34,journal article,true,unclear,研究论文
10.1070/mc2003v013n03abeh001770,Chemoenzymatic synthesis of optically active phosphinic analogues of S-substituted sulfur-containing amino acids,crossref,hybrid,,Mendeleev Communications,2003-1,,,research_article,true,标题明确为含硫氨基酸的膦酸类似物的光学活性合成，采用化学酶法策略，属于NNAA结构类似物的制备。,hybrid,hybrid,yes,phosphinic analogues of S-substituted sulfur-containing amino acids,2026-07-23 18:45:34,journal article,true,unclear,研究论文
10.1016/s0957-4166(03)00249-0,A scalable chemoenzymatic preparation of (R)-tetrahydrofuran-2-carboxylic acid,crossref,hybrid,,Tetrahedron: Asymmetry,2003-5,,,research_article,true,(R)-四氢呋喃-2-羧酸是环状β-氨基酸类似物，属于非天然氨基酸；标题明确为可放大化学酶法制备。,hybrid,hybrid,unclear,(R)-tetrahydrofuran-2-carboxylic acid,2026-07-23 18:45:34,journal article,true,unclear,研究论文
10.1021/jo900442p,Preparation of Photoactivable Amino Acid Derivatives,crossref,hybrid,,The Journal of Organic Chemistry,2009-5-28,,,research_article,true,标题明确为光活性氨基酸衍生物的制备，属于非天然氨基酸功能化合成，符合NNAA合成范畴。,chemical,chemical,unclear,photoactivable amino acid derivatives,2026-07-23 18:45:34,journal article,true,unclear,研究论文
10.1016/j.tet.2007.09.049,"Highly diastereoselective preparation of anti-α,β-dialkyl β-amino acids containing natural α-amino acid side chains",crossref,hybrid,,Tetrahedron,2007-12,,,research_article,true,"标题明确合成anti-α,β-二烷基β-氨基酸，属于非天然β-氨基酸，且含天然侧链，符合NNAA定义。",chemical,chemical,yes,"anti-α,β-dialkyl β-amino acids",2026-07-23 18:45:34,journal article,true,unclear,研究论文
10.1016/s0957-4166(03)00284-2,"Chemoenzymatic preparation of non-racemic N-Boc-pyrrolidine-3,4-dicarboxylic acid 3-ethyl esters and their 4-hydroxymethyl derivatives",crossref,hybrid,,Tetrahedron: Asymmetry,2003-6,,,research_article,true,"N-Boc-吡咯烷-3,4-二羧酸酯衍生物属于非天然环状氨基酸类似物，标题明确为化学酶法制备。",hybrid,hybrid,unclear,"N-Boc-pyrrolidine-3,4-dicarboxylic acid derivatives",2026-07-23 18:45:34,journal article,true,unclear,研究论文
10.1080/00397911.2019.1605446,Preparation of synthetic auxin-amino acid conjugates,crossref,hybrid,,Synthetic Communications,2019-5-3,,,research_article,true,合成生长素-氨基酸缀合物，若所用氨基酸为非天然类型或缀合过程涉及NNAA制备，则属相关；标题明确含'amino acid conjugates'，且为合成方法，符合NNAA衍生物制备范畴。,chemical,chemical,yes,auxin-amino acid conjugates,2026-07-23 18:45:34,journal article,true,unclear,研究论文
10.1016/s0957-4166(03)00283-0,"Chemoenzymatic preparation of non-racemic N-Boc-piperidine-3,5-dicarboxylic acid 3-methyl esters and their 5-hydroxymethyl derivatives",crossref,hybrid,,Tetrahedron: Asymmetry,2003-6,,,research_article,true,"N-Boc-哌啶-3,5-二羧酸酯衍生物属于非天然环状氨基酸类似物，标题明确为化学酶法制备。",hybrid,hybrid,unclear,"N-Boc-piperidine-3,5-dicarboxylic acid derivatives",2026-07-23 18:45:34,journal article,true,unclear,研究论文
10.1088/1757-899x/504/1/012023,Preparation and characterization of chitosan amino acid salts,crossref,hybrid,,IOP Conference Series: Materials Science and Engineering,2019-4-26,,,research_article,true,标题为壳聚糖氨基酸盐的制备与表征，涉及氨基酸与壳聚糖成盐，属于氨基酸衍生物的化学制备，符合NNAA相关合成范畴。,chemical,chemical,yes,chitosan amino acid salts,2026-07-23 18:45:34,journal article,true,unclear,研究论文
10.1055/s-1995-5219,A Mild Preparation of Amino Acid N-Acylsulfonamides,crossref,hybrid,,Synlett,1995-11,,,research_article,true,标题涉及氨基酸N-酰基磺酰胺的制备，属于非天然氨基酸衍生物的化学合成方法。,chemical,chemical,yes,amino acid N-acylsulfonamides,2026-07-23 18:45:34,journal article,true,unclear,研究论文
10.1021/op025518x,Nonproteinogenic α-Amino Acid Preparation Using Equilibrium Shifted Transamination,crossref,hybrid,,Organic Process Research & Development,2002-5-21,,,research_article,true,标题明确提及“Nonproteinogenic α-Amino Acid”，即非天然氨基酸，并采用转氨反应制备，属于酶法或化学-酶法合成。,hybrid,hybrid,yes,nonproteinogenic α-amino acids,2026-07-23 18:45:34,journal article,true,unclear,研究论文
10.1088/1742-6596/2961/1/012009,Preparation of amino acid-based polyesteramides and study on poly-ε-caprolactone/amino acid-based polyesteramides fiber film,crossref,hybrid,,Journal of Physics: Conference Series,2025-2-1,,,research_article,true,标题明确制备基于氨基酸的聚酯酰胺，并研究其纤维膜，涉及氨基酸作为单体参与聚合，属于NNAA材料应用中的合成前体，符合hybrid轨道关注的制备策略。,hybrid,chemical,yes,amino acid-based polyesteramides,2026-07-23 18:45:34,journal article,true,unclear,研究论文
10.1016/0040-4039(95)00683-4,Diastereoselective alkylation of sultam-derived amino acid aldimines preparation of Cα-methylated amino acids,crossref,hybrid,,Tetrahedron Letters,1995-6,,,research_article,true,标题明确涉及Cα-甲基化氨基酸的制备，属于非天然氨基酸（如α-甲基苯丙氨酸等）的化学合成，符合NNAA合成范畴。,chemical,chemical,yes,Cα-methylated amino acids,2026-07-23 18:45:34,journal article,true,unclear,研究论文
10.1016/s0040-4039(99)01783-9,Convenient preparation of amino acid derivatives with two 13C labels,crossref,hybrid,,Tetrahedron Letters,1999-11,,,research_article,true,标题明确涉及氨基酸衍生物的制备，且含同位素标记，属于非天然氨基酸合成范畴；摘要缺失但标题暗示合成方法，按规则设为unclear并通过筛选。,chemical,chemical,unclear,amino acid derivatives,2026-07-23 18:45:34,journal article,true,unclear,研究论文
10.1002/ejoc.201402369,One‐Pot Preparation of Enantiopure Fluorinated β‐Amino Acid Precursors,crossref,hybrid,,European Journal of Organic Chemistry,2014-7-15,,,research_article,true,标题明确合成氟代β-氨基酸前体，β-氨基酸属于非天然氨基酸重要类别，且采用一锅法制备。,hybrid,hybrid,unclear,fluorinated β-amino acid precursors,2026-07-23 18:45:34,journal article,true,unclear,研究论文
10.1002/ejoc.201001575,<i>Candida antarctica</i> Lipase B in a Chemoenzymatic Route to Cyclic α‐Quaternary α‐Amino Acid Enantiomers,crossref,hybrid,,European Journal of Organic Chemistry,2011-2-9,,,research_article,true,标题明确制备环状α-季碳α-氨基酸对映体，属于典型非天然氨基酸（如Aib衍生物），采用脂肪酶B介导的酶-化学联用路线。,hybrid,hybrid,unclear,cyclic α-quaternary α-amino acids,2026-07-23 18:45:34,journal article,true,unclear,研究论文
10.1002/anie.199107121,Chemoenzymatic Syntheses of ω‐Ureido <scp>D</scp>‐Amino Acids,crossref,hybrid,,Angewandte Chemie International Edition in English,1991-6,,,research_article,true,标题明确为ω-脲基-D-氨基酸的化学酶法合成，D-氨基酸属于非天然氨基酸，且方法为hybrid策略。,hybrid,hybrid,yes,omega-ureido D-amino acids,2026-07-23 18:45:34,journal article,true,unclear,研究论文
10.2533/chimia.2001.50,Comparison of Different Chemoenzymatic Process Routes to Enantiomerically Pure Amino Acids,crossref,hybrid,,CHIMIA,2001-2-28,,,research_article,true,标题明确比较不同酶-化学联用路线制备对映纯氨基酸，虽可能包含天然氨基酸，但方法学适用于NNAA，且属合成工艺研究。,hybrid,hybrid,yes,enantiomerically pure amino acids,2026-07-23 18:45:34,journal article,true,unclear,研究论文
10.1016/j.tetlet.2006.10.007,One-pot synthesis of β-amino acid derivatives from α-amino acids,crossref,hybrid,,Tetrahedron Letters,2006-12,,,research_article,true,从α-氨基酸出发合成β-氨基酸衍生物，β-氨基酸属于非天然氨基酸，且采用one-pot化学转化策略，涉及结构重排。,chemical,chemical,yes,beta-amino acid derivatives,2026-07-23 18:45:34,journal article,true,yes,研究论文
10.1111/j.1747-0285.2009.00854.x,One‐Pot Synthesis of Highly Functionalized Seleno Amino Acid Derivatives,crossref,hybrid,,Chemical Biology & Drug Design,2009-8-17,,,research_article,true,标题明确为‘硒代氨基酸衍生物’的一锅法合成，属于非天然氨基酸；虽摘要缺失，但标题含明确NNAA化合物及合成方法，符合hybrid轨道重点。,hybrid,hybrid,unclear,seleno amino acid derivatives,2026-07-23 18:45:34,journal article,true,unclear,研究论文
10.1016/0040-4039(95)02145-0,‘One-pot’ methylation of Fmoc amino acids,crossref,hybrid,,Tetrahedron Letters,1996-1,,,research_article,true,标题描述Fmoc保护氨基酸的“一锅法”甲基化，属于非天然氨基酸（N-甲基化或C-甲基化衍生物）的化学合成策略。,chemical,chemical,yes,methylated Fmoc amino acids,2026-07-23 18:45:34,journal article,true,unclear,研究论文
10.1055/s-0037-1612537,One-Pot Reaction of Amino Acid Esters with Isocyanates and α-Bromo Ketones,crossref,hybrid,,Synfacts,2019-5-20,,,research_article,true,标题明确使用氨基酸酯作为起始物进行一锅反应，可能生成非天然氨基酸衍生物，属化学合成范畴。,chemical,chemical,yes,amino acid derivatives,2026-07-23 18:45:34,journal article,true,unclear,研究论文
10.1055/s-0041-1738724,Potassium Fluoride-Mediated Deprotection of Fmoc-Amino Acid Esters: One-Pot Peptide Synthesis,crossref,hybrid,,Synfacts,2022-10-18,,,research_article,true,标题涉及Fmoc-氨基酸酯的脱保护及一锅肽合成，虽使用天然氨基酸保护基，但方法学适用于非天然氨基酸合成。,chemical,chemical,yes,Fmoc-amino acid esters,2026-07-23 18:45:34,journal article,true,unclear,研究论文
10.1080/00304949409458028,"AN EFFICIENT ONE-POT CONVERSION OF α-AMINO ACID ESTERS TO γ-AMINO-α,β-UNSATURATED CARBOXYLATES",crossref,hybrid,,Organic Preparations and Procedures International,1994-4,,,research_article,true,"标题明确涉及α-氨基酸酯转化为γ-氨基-α,β-不饱和羧酸酯，属于非天然γ-氨基酸衍生物的化学合成，符合hybrid轨道关注的转化策略。",chemical,chemical,yes,"γ-amino-α,β-unsaturated carboxylates",2026-07-23 18:45:34,journal article,true,unclear,研究论文
10.1021/op970102i,One-Pot Process for the Preparation of a β-Alkynyl β-Amino Acid Ester,crossref,hybrid,,Organic Process Research & Development,1997-5-1,,,research_article,true,标题明确为β-炔基-β-氨基酸酯的one-pot合成，β-氨基酸属于NNAA，且采用一锅法，符合hybrid或chemical合成范畴。,chemical,chemical,yes,β-alkynyl β-amino acid ester,2026-07-23 18:45:34,journal article,true,unclear,研究论文
10.1002/ange.201700840,One‐Pot Multicomponent Synthesis of β‐Amino Amides,crossref,hybrid,,Angewandte Chemie,2017-3-22,,,research_article,true,标题明确为β-氨基酰胺的一锅多组分合成，β-氨基酸属于非天然氨基酸范畴，且方法涉及合成路线。,chemical,chemical,yes,beta-amino amides,2026-07-23 18:45:34,journal article,true,unclear,研究论文
10.1081/scc-120017133,One-Pot Synthesis of<scp>dl</scp>-2-Amino-2-thiazoline-4-carboxylic Acid,crossref,hybrid,,Synthetic Communications,2003-1-5,,,research_article,true,标题明确为dl-2-氨基-2-噻唑啉-4-羧酸的一锅法合成，该化合物为非天然氨基酸衍生物，符合NNAA范畴且涉及合成路线。,chemical,chemical,yes,dl-2-amino-2-thiazoline-4-carboxylic acid,2026-07-23 18:45:34,journal article,true,unclear,研究论文
10.1023/b:rugc.0000025183.35779.1f,One-Pot Synthesis of α-Amino Phosphinic Acids,crossref,hybrid,,Russian Journal of General Chemistry,2004-1,,,research_article,true,α-氨基膦酸是α-氨基酸的磷类似物，属于非天然氨基酸衍生物，标题明确为one-pot合成，符合NNAA合成范畴。,chemical,chemical,yes,α-amino phosphinic acids,2026-07-23 18:45:34,journal article,true,unclear,研究论文
10.1080/00397910802213729,LiBr: A Mild Lewis Acid Catalyst for Efficient One-Pot Synthesis of α-Amino Nitriles,crossref,hybrid,,Synthetic Communications,2008-10-14,,,research_article,true,标题明确合成α-氨基腈，属于非天然氨基酸前体或衍生物的化学合成，符合NNAA制备范畴。,chemical,chemical,yes,α-amino nitriles,2026-07-23 18:45:34,journal article,true,unclear,研究论文
10.1080/00304948.2014.922383,A Novel One-pot Synthesis of 3-[(3-Amino-4-methylaminobenzoyl pyridin-2-yl)amino]propionic Acid Ethyl Ester,crossref,hybrid,,Organic Preparations and Procedures International,2014-7-4,,,research_article,true,标题明确合成含丙氨酸骨架的乙酯衍生物（3-[(...amino]propionic acid ethyl ester），属于非天然氨基酸衍生物的一锅合成。,chemical,chemical,yes,3-[(3-amino-4-methylaminobenzoyl pyridin-2-yl)amino]propionic acid ethyl ester,2026-07-23 18:45:34,journal article,true,unclear,研究论文
10.1002/(sici)1099-1387(199901)5:1<56::aid-psc186>3.0.co;2-j,Efficient one-pot synthesis of N-ethyl amino acids,crossref,hybrid,,Journal of Peptide Science,1999-1,,,research_article,true,标题明确为N-乙基氨基酸的一锅法合成，属于非天然氨基酸的化学合成方法，符合NNAA制备范畴。,chemical,chemical,yes,N-ethyl amino acids,2026-07-23 18:45:34,journal article,true,unclear,研究论文
10.1002/cplu.202000177,N‐Alkylated C‐Glycosyl Amino Acid Derivatives: Synthesis by a One‐Pot Four‐Component Ugi Reaction,crossref,hybrid,,ChemPlusChem,2020-5,,,research_article,true,标题明确为N-烷基化C-糖基氨基酸衍生物的一步四组分Ugi反应合成，属于非天然氨基酸砌块的化学合成。,chemical,chemical,yes,N-alkylated C-glycosyl amino acid derivatives,2026-07-23 18:45:34,journal article,true,unclear,研究论文
10.1002/ejoc.200701205,"One‐Pot Synthesis of Trisubstituted 1,2‐Amino Alcohols from Deprotonated α‐Amino Nitriles",crossref,hybrid,,European Journal of Organic Chemistry,2008-5-14,,,research_article,true,"标题明确合成三取代1,2-氨基醇，源自α-氨基腈去质子化，属于β-氨基酸前体或类似物，符合非天然氨基酸范畴。",hybrid,hybrid,unclear,"trisubstituted 1,2-amino alcohols",2026-07-23 18:45:34,journal article,true,unclear,研究论文
10.1002/chin.200607093,A Facile One‐Pot Synthesis of Chiral β‐Amino Esters.,crossref,hybrid,,ChemInform,2006-1-19,,,research_article,true,标题明确为手性β-氨基酸酯的一步合成，β-氨基酸属于非天然氨基酸，且涉及合成方法。,chemical,chemical,yes,beta-amino esters,2026-07-23 18:45:34,journal article,true,unclear,研究论文
10.1055/s-2001-15162,Montmorillonite Clay-Catalyzed One-Pot Synthesis of α-Amino Phosphonates,crossref,hybrid,,Synlett,2001,,,research_article,true,α-氨基膦酸酯是α-氨基酸的磷类似物，属于非天然氨基酸衍生物，标题明确其一锅合成。,chemical,chemical,yes,α-amino phosphonates,2026-07-23 18:45:34,journal article,true,unclear,研究论文
10.2174/157017811795685081,Efficient One-Pot Formation of Substituted &#947;-Amino Acids,crossref,hybrid,,Letters in Organic Chemistry,2011-6-1,,,research_article,true,标题为“取代γ-氨基酸的一锅合成”，γ-氨基酸（如GABA）通常不视为NNAA，但若为非天然取代衍生物则可能相关；鉴于标题明确为“substituted γ-amino acids”且属合成方法论文，默认视为NNAA相关。,chemical,chemical,yes,substituted γ-amino acids,2026-07-23 18:45:34,journal article,true,unclear,研究论文
10.1016/s0960-894x(00)00577-1,"A two-step, one-pot synthesis of diverse N-pyruvoyl amino acid derivatives using the Ugi reaction",crossref,hybrid,,Bioorganic & Medicinal Chemistry Letters,2000-12,,,research_article,true,标题描述N-丙酮酰氨基酸衍生物的合成，属于非天然氨基酸衍生物；Ugi反应为化学合成策略。,chemical,chemical,unclear,N-pyruvoyl amino acid derivatives,2026-07-23 18:45:34,journal article,true,unclear,研究论文
10.1002/chin.200621181,A Practical One‐Pot Synthesis of New S‐Glycosyl Amino Acid Building Blocks for Combinatorial Neoglycopeptide Synthesis.,crossref,hybrid,,ChemInform,2006-5-2,,,research_article,true,标题明确为S-糖基氨基酸砌块的一步合成，糖基氨基酸属于非天然氨基酸衍生物，用于新糖肽合成。,chemical,chemical,yes,S-glycosyl amino acids,2026-07-23 18:45:34,journal article,true,unclear,研究论文
10.1002/chem.201405447,Cu<sup>II</sup>/TEMPO‐Promoted One‐Pot Synthesis of Highly Substituted Pyrimidines from Amino Acid Esters,crossref,hybrid,,Chemistry – A European Journal,2014-11-5,,,research_article,true,以氨基酸酯为原料合成嘧啶，但产物为杂环化合物；然而标题明确使用amino acid esters，可能涉及NNAA酯作为前体，摘要缺失但按标题倾向保留。,chemical,chemical,unclear,amino acid esters,2026-07-23 18:45:34,journal article,true,unclear,研究论文
10.1080/00397911.2020.1735442,An efficient one-pot synthesis of coumarin-amino acid derivatives as potential anti-inflammatory and antioxidant agents,crossref,hybrid,,Synthetic Communications,2020-3-11,,,research_article,true,合成香豆素-氨基酸衍生物，属于非天然氨基酸缀合物的化学制备，符合NNAA相关合成研究。,chemical,chemical,yes,coumarin-amino acid derivatives,2026-07-23 18:45:34,journal article,true,unclear,研究论文
10.1002/cctc.201900492,One Pot Asymmetric Synthesis of (<i>R</i>)‐Phenylglycinol from Racemic Styrene Oxide via Cascade Biocatalysis,crossref,hybrid,,ChemCatChem,2019-7-12,,,research_article,true,(R)-苯基甘氨醇为非天然α-氨基酸衍生物（氨基醇），标题明确为不对称合成，属NNAA相关制备。,hybrid,hybrid,unclear,(R)-phenylglycinol,2026-07-23 18:45:34,journal article,true,unclear,研究论文
10.1016/j.mcat.2024.114099,Construction of an enzymatic-chemical cascade involving engineered amine dehydrogenases for the synthesis of chiral non-α-amino acids by substrate engineering and enzyme evolution,crossref,hybrid,,Molecular Catalysis,2024-4,,,research_article,true,标题明确指出通过酶-化学级联合成手性非α-氨基酸，属于NNAA的hybrid合成策略。,hybrid,hybrid,yes,chiral non-α-amino acids,2026-07-23 18:45:34,journal article,true,unclear,研究论文
10.2174/138161210793292555,"Chemical Modifications Designed to Improve Peptide Stability: Incorporation of Non-Natural Amino Acids, Pseudo-Peptide Bonds, and Cyclization",crossref,hybrid,,Current Pharmaceutical Design,2010-9-1,,,review,true,综述标题明确提及“非天然氨基酸”的引入以提高肽稳定性，属于NNAA应用与合成方法综述，对数据库有参考价值。,both,multiple,unclear,unnatural amino acids,2026-07-23 18:45:34,journal article,true,no,综述
10.1055/s-2007-968632,Phosphoric Acid Catalyzed Route to α-Amino Esters,crossref,hybrid,,Synfacts,2007-7,,,research_article,true,标题明确涉及α-氨基酸酯的合成，属于氨基酸衍生物；磷酸催化路线暗示化学合成方法，符合NNAA制备范畴。,chemical,chemical,yes,alpha-amino esters,2026-07-23 18:45:34,journal article,true,unclear,研究论文
10.1002/(sici)1521-3773(20000317)39:6<1010::aid-anie1010>3.0.co;2-p,Amidocarbonylation—An Efficient Route to Amino Acid Derivatives,crossref,hybrid,,Angewandte Chemie International Edition,2000-3-17,,,research_article,true,标题表明为氨基酸衍生物的高效合成路线（amidocarbonylation），属于化学合成NNAA衍生物的方法。,chemical,chemical,yes,amino acid derivatives,2026-07-23 18:45:34,journal article,true,unclear,研究论文
10.1039/b919526b,"A short, chemoenzymatic route to chiral β-aryl-γ-amino acids using reductases from anaerobic bacteria",crossref,hybrid,,Org. Biomol. Chem.,2010,,,research_article,true,标题明确为手性β-芳基-γ-氨基酸的酶-化学合成，β/γ-氨基酸属于非天然氨基酸范畴，且采用还原酶与化学步骤联用。,hybrid,hybrid,unclear,β-aryl-γ-amino acids,2026-07-23 18:45:34,journal article,true,unclear,研究论文
10.1002/cctc.201100394,A Bio‐Inspired Route to α‐Amino Acid Derivatives,crossref,hybrid,,ChemCatChem,2011-12-15,,,research_article,true,标题明确为α-氨基酸衍生物的仿生合成路线，属NNAA化学合成范畴，摘要缺失但标题信息足以判断相关。,chemical,chemical,unclear,α-amino acid derivatives,2026-07-23 18:45:34,journal article,true,unclear,研究论文
10.1080/00397919908085739,A Convenient Route to β-Amino Propionic Acid Derivatives,crossref,hybrid,,Synthetic Communications,1999-1-1,,,research_article,true,β-氨基丙酸衍生物属于β-氨基酸类非天然氨基酸，文章提供便捷合成路线，符合NNAA合成范畴。,chemical,chemical,yes,β-amino propionic acid derivatives,2026-07-23 18:45:34,journal article,true,unclear,研究论文
10.1080/00397911.2016.1263336,Amino acid catalyzed reactions. A facile route to some heteroarylbispyrazoles,crossref,hybrid,,Synthetic Communications,2017-1-19,,,research_article,true,标题表明使用氨基酸催化合成杂芳基双吡唑，虽氨基酸作催化剂，但若所用为非天然氨基酸且涉及其合成则相关；但更可能指天然氨基酸催化。然而因标题含'amino acid'且为合成方法论文，暂视为相关，且摘要缺失下按规则保留可能性。,chemical,chemical,yes,heteroarylbispyrazoles,2026-07-23 18:45:34,journal article,true,unclear,研究论文
10.1021/jo801781v,Convenient Synthetic Route to an Enantiomerically Pure FMOC α-Amino Acid,crossref,hybrid,,The Journal of Organic Chemistry,2008-11-6,,,research_article,true,标题明确为FMOC保护的非天然α-氨基酸的对映体纯合成路线，符合NNAA合成方法学范畴。,chemical,chemical,unclear,FMOC α-amino acid,2026-07-23 18:45:34,journal article,true,unclear,研究论文
10.1055/s-0032-1318260,Ruthenium-Catalyzed Transfer Hydrogenation: DKR en route to Amino Acid Derivatives,crossref,hybrid,,Synfacts,2013-2-15,,,research_article,true,标题明确提及通过动态动力学拆分（DKR）制备氨基酸衍生物，属于非天然氨基酸的化学-酶法合成策略。,hybrid,hybrid,yes,amino acid derivatives,2026-07-23 18:45:34,journal article,true,unclear,研究论文
10.1016/j.mencom.2024.01.003,Enantioselective synthesis of 5-fluoro-L-DOPA via chemoenzymatic route,crossref,hybrid,,Mendeleev Communications,2024-1,,,research_article,true,5-氟-L-DOPA是非天然氨基酸，标题明确为chemoenzymatic合成路线。,hybrid,hybrid,yes,5-fluoro-L-DOPA,2026-07-23 18:45:34,journal article,true,unclear,研究论文
10.1016/j.tet.2008.01.103,"Toward stereocontrolled, chemoenzymatic synthesis of unnatural peptides",crossref,hybrid,,Tetrahedron,2008-3,,,research_article,true,标题指向非天然肽的chemoenzymatic合成，核心涉及NNAA制备，虽细节不明但属相关领域。,hybrid,hybrid,unclear,unnatural peptides,2026-07-23 18:45:34,journal article,true,unclear,研究论文
10.1021/jo962315w,Chemoenzymatic Synthesis of Unnatural Amino Acids <i>via</i> Modified Claisen Rearrangement of Glycine Enolates. Approach to Morphine Synthesis,crossref,hybrid,,The Journal of Organic Chemistry,1997-3-1,,,research_article,true,标题明确提及“unnatural amino acids”并通过甘氨酸烯醇盐的Claisen重排进行化学酶法合成，属于NNAA的hybrid制备策略。,hybrid,hybrid,yes,unnatural amino acids,2026-07-23 18:45:34,journal article,true,unclear,研究论文
10.3998/ark.5550190.0007.720,"Chemoenzymatic synthesis of complex natural and unnatural products: morphine, pancratistatin, and their analogs",crossref,hybrid,,Arkivoc,2006-1-25,,,research_article,true,标题明确包含“unnatural products”及吗啡、石蒜碱类似物，此类天然产物常含非天然氨基酸单元（如D-氨基酸或修饰AA），且属化学酶法合成，符合hybrid轨道关注点。,hybrid,hybrid,unclear,unnatural amino acid analogs,2026-07-23 18:45:34,journal article,true,unclear,研究论文
10.1002/cctc.202300042,Decatungstate‐Photocatalyzed Functionalization of α‐Imino Esters for the Preparation of Unnatural α‐Amino Acid Derivatives,crossref,hybrid,,ChemCatChem,2023-4-12,,,research_article,true,标题明确为非天然α-氨基酸衍生物的制备，通过α-亚胺酯光催化官能化，属NNAA化学合成。,chemical,chemical,unclear,unnatural α-amino acid derivatives,2026-07-23 18:45:34,journal article,true,unclear,研究论文
10.1002/jhet.2489,Preparation of Constrained Unnatural Aromatic Amino Acids<i>via</i> Unsaturated Diketopiperazine Intermediate,crossref,hybrid,,Journal of Heterocyclic Chemistry,2015-9-7,,,research_article,true,标题明确提及“constrained unnatural aromatic amino acids”，属于非天然氨基酸，且采用不饱和二酮哌嗪中间体合成，符合化学合成范畴；摘要缺失但标题信息充分。,chemical,chemical,unclear,constrained unnatural aromatic amino acids,2026-07-23 18:45:34,journal article,true,unclear,研究论文
10.1039/c2cc32392c,Stereo- and regio-selective one-pot synthesis of triazole-based unnatural amino acids and β-amino triazoles,crossref,hybrid,,Chemical Communications,2012,,,research_article,true,标题明确为三唑类非天然氨基酸和β-氨基三唑的一锅法合成，属于NNAA的化学-可能酶促联用策略（摘要缺失但标题含'unnatural amino acids'）。,hybrid,hybrid,unclear,"triazole-based unnatural amino acids, β-amino triazoles",2026-07-23 18:45:34,journal article,true,unclear,研究论文
10.2174/13852728113179990047,Synthesis of Unnatural Amino Acids via Microwave-assisted Regio-selective One-pot multi-component Reactions of Sulfamidates,crossref,hybrid,,Current Organic Chemistry,2013-10-1,,,research_article,true,标题明确为“非天然氨基酸的合成”，采用微波辅助一锅多组分反应，属于化学合成方法，符合NNAA制备范畴。,chemical,chemical,yes,unnatural amino acids,2026-07-23 18:45:34,journal article,true,unclear,研究论文
10.1055/s-0043-1763708,One-Pot Protocol to Access Spirocyclic Unnatural β-Amino Acids via C–H Activation/C–C Cleavage,crossref,hybrid,,Synfacts,2024-4-15,,,research_article,true,标题明确合成螺环非天然β-氨基酸，采用C–H活化/C–C断裂策略，属于非天然氨基酸的化学合成。,chemical,chemical,yes,spirocyclic β-amino acids,2026-07-23 18:45:34,journal article,true,unclear,研究论文
10.1016/j.tetlet.2014.12.011,"A highly efficient approach to unnatural amino-acids containing 3-hydroxyoxindole skeleton via a one-pot, three-component procedure",crossref,hybrid,,Tetrahedron Letters,2015-1,,,research_article,true,通过一锅三组分反应高效合成含3-羟基氧化吲哚骨架的非天然氨基酸，明确属于NNAA化学合成。,chemical,chemical,yes,unnatural amino acids with 3-hydroxyoxindole skeleton,2026-07-23 18:45:34,journal article,true,yes,研究论文
10.1021/jo016236i,A Solid-Phase Synthetic Route to Unnatural Amino Acids with Diverse Side-Chain Substitutions,crossref,hybrid,,The Journal of Organic Chemistry,2002-4-3,,,research_article,true,标题明确为非天然氨基酸的固相合成路线，虽摘要缺失，但标题表明其核心为NNAA合成方法学研究。,chemical,chemical,unclear,unnatural amino acids,2026-07-23 18:45:34,journal article,true,unclear,研究论文
10.3987/com-97-s39,Chemoenzymatic Formal Synthesis of (-)-Indolmycin,crossref,hybrid,,HETEROCYCLES,1997,,,research_article,true,Indolmycin是一种含色氨酸类似结构的抗生素，其结构为非天然氨基酸（如含氯代色氨酸单元）；标题表明为形式合成，可能涉及NNAA构建，因属hybrid轨道且indolmycin公认含NNAA，设为unclear并通过。,hybrid,hybrid,unclear,indolmycin,2026-07-23 18:45:34,journal article,true,unclear,研究论文
10.1080/00397919008054627,Chemoenzymatic Synthesis of (<i>R</i>)- and (<i>S</i>)-4-Amino-3-Methylbutanoic Acids,crossref,hybrid,,Synthetic Communications,1990-1,,,research_article,true,标题明确为(R)-和(S)-4-氨基-3-甲基丁酸的chemoenzymatic合成，该化合物为非天然γ-氨基酸（norvaline类似物），符合NNAA制备范畴。,hybrid,hybrid,yes,"(R)-4-amino-3-methylbutanoic acid, (S)-4-amino-3-methylbutanoic acid",2026-07-23 18:45:34,journal article,true,unclear,研究论文
10.1002/ejoc.200500902,Chemoenzymatic One‐Pot Synthesis of Enantiopure <scp>L</scp>‐Arylalanines from Arylaldehydes,crossref,hybrid,,European Journal of Organic Chemistry,2006-2-14,,,research_article,true,标题明确为L-芳基丙氨酸的对映纯合成，芳基丙氨酸属于典型非天然氨基酸（如对氟苯丙氨酸等），且采用一锅法酶-化学联用策略。,hybrid,hybrid,unclear,L-arylalanines,2026-07-23 18:45:34,journal article,true,unclear,研究论文
10.1021/jo302484p,Chemoenzymatic Asymmetric Synthesis of Pregabalin Precursors via Asymmetric Bioreduction of β-Cyanoacrylate Esters Using Ene-Reductases,crossref,hybrid,,The Journal of Organic Chemistry,2013-1-28,,,research_article,true,标题明确为普瑞巴林（pregabalin）前体的不对称酶-化学合成，普瑞巴林为γ-氨基丁酸类似物，其前体为非天然β-氨基酸衍生物。,hybrid,hybrid,unclear,pregabalin precursors,2026-07-23 18:45:34,journal article,true,unclear,研究论文
